"K","variant","seed","status","valid_map_avg","sym2herb_map","herb2sym_map","symptom_pred_ppl_em_prob","herb_pred_ppl_em_prob","topic_coherence"
"5","gnmf_graph","42","done","0.23511695550205974","0.22162874873374708","0.24860516227037238","74.14908489674276","161.94014880980714","0.6776228822920792"
"5","gnmf_graph","43","done","0.24014282608498755","0.22297460758191143","0.25731104458806364","73.15106023572649","157.19575084430792","0.6425969230450861"
"5","gnmf_graph","44","done","0.22870412405635043","0.21808959751517643","0.23931865059752444","77.84639379339451","162.0236808926202","0.6369978650754792"
"5","gnmf_graph","45","done","0.24302491873549925","0.22977626220218142","0.2562735752688171","73.88806745356635","158.24142575361924","0.6621352759744289"
"5","gnmf_graph","46","done","0.2337313832405109","0.21828057073528045","0.24918219574574133","73.93978567582857","164.8151843521217","0.6626295543298631"
"5","indep_nmf_procrustes_bridge","42","done","0.20513927218166642","0.2020175882263106","0.20826095613702222","80.41266629539543","167.04226319955922","0.930237116070453"
"5","indep_nmf_procrustes_bridge","43","done","0.2056715754356916","0.19819376546745618","0.21314938540392703","80.67951120684616","162.02696681647114","0.9281209670167719"
"5","indep_nmf_procrustes_bridge","44","done","0.19900657698169655","0.19583646039428126","0.2021766935691118","83.19911551605409","167.21342474297387","0.9297314064034436"
"5","indep_nmf_procrustes_bridge","45","done","0.20540787726489917","0.2063595963062803","0.20445615822351804","80.33228234877728","164.17458174035033","0.9304573577224102"
"5","indep_nmf_procrustes_bridge","46","done","0.19525295482489646","0.18853320408291688","0.20197270556687602","82.48314771577913","173.0128897619856","0.9004663298058034"
"5","recon_only_mvgsnmf","42","skipped_completed","0.22389329983285516","0.2117151200835992","0.2360714795821111","77.26727255272803","165.37566516492328","0.5255382779998777"
"5","recon_only_mvgsnmf","43","skipped_completed","0.22473509768439645","0.2082360552715992","0.2412341400971937","77.54885610735195","161.11707236055977","0.5191399428247617"
"5","recon_only_mvgsnmf","44","skipped_completed","0.21741982416950456","0.20854614707945626","0.22629350125955286","80.33355066932327","165.87932128899973","0.5515222350293312"
"5","recon_only_mvgsnmf","45","skipped_completed","0.2328829799813173","0.22135793311403712","0.24440802684859744","75.91383906778665","161.68439693952553","0.5760353679654202"
"5","recon_only_mvgsnmf","46","skipped_completed","0.22089013035699895","0.20669227664303697","0.23508798407096096","76.82750285393249","168.51295560352236","0.507229137831428"
"5","sparse_nmf_l1","42","done","0.22258724845847763","0.21045177285225233","0.23472272406470293","77.50098245178813","164.0427311549452","0.6734704213236434"
"5","sparse_nmf_l1","43","done","0.22934700814012482","0.2117809562999564","0.24691305998029323","75.86909755477838","159.33856743867986","0.6595925558351555"
"5","sparse_nmf_l1","44","done","0.21594306971259716","0.20649454016161015","0.22539159926358418","81.27641494859917","164.46333247142604","0.6536732394426538"
"5","sparse_nmf_l1","45","done","0.23045656876346482","0.21911080650725506","0.24180233101967455","77.27273383381922","160.38498884379345","0.662135275974429"
"5","sparse_nmf_l1","46","done","0.22161064502837652","0.20685428737035494","0.23636700268639813","77.2972059691997","167.00910177372492","0.6626295543298633"
"5","vanilla_nmf_fro","42","skipped_completed","0.23483755750632898","0.22156481263878203","0.24811030237387594","","","0.6776228822920792"
"5","vanilla_nmf_fro","43","skipped_completed","0.23947481182943928","0.22221230383690876","0.2567373198219698","","","0.6425969230450861"
"5","vanilla_nmf_fro","44","skipped_completed","0.22818858620547566","0.21765770480803964","0.23871946760291168","","","0.6369978650754792"
"5","vanilla_nmf_fro","45","skipped_completed","0.24256878627580203","0.22959788075330953","0.2555396917982945","","","0.662135275974429"
"5","vanilla_nmf_fro","46","skipped_completed","0.23308039675200365","0.2176593345887516","0.2485014589152557","","","0.6626295543298631"
"10","gnmf_graph","42","done","0.2519141350719962","0.2306290979487863","0.2731991721952061","64.4851903643071","152.42059117826312","0.6018741795560538"
"10","gnmf_graph","43","done","0.2569842202161056","0.23077741462191306","0.28319102581029815","63.720033434166005","148.36301535681838","0.5842424511878782"
"10","gnmf_graph","44","done","0.24612936797601181","0.22585499770533687","0.2664037382466868","66.91988867126263","151.5569343431629","0.5834413783717395"
"10","gnmf_graph","45","done","0.2577047085194695","0.2379153112815141","0.27749410575742495","63.957986739532394","149.68462594133746","0.5766732603416957"
"10","gnmf_graph","46","done","0.25067240531023816","0.22691381590622345","0.27443099471425286","63.50375599401954","153.84462789774398","0.5584520253973726"
"10","indep_nmf_procrustes_bridge","42","done","0.2100074557409377","0.19454849767315135","0.22546641380872404","75.74585821975057","162.2503824096104","0.837118560170271"
"10","indep_nmf_procrustes_bridge","43","done","0.21261651006339918","0.19664022079815374","0.22859279932864462","76.67016929195307","158.744251634611","0.9196028042436885"
"10","indep_nmf_procrustes_bridge","44","done","0.20628774688565088","0.19541796750942847","0.2171575262618733","78.20170768345174","162.98737984134448","0.840887039658171"
"10","indep_nmf_procrustes_bridge","45","done","0.2195835343104373","0.2080811935679149","0.23108587505295972","75.31002415683382","160.0620513904611","0.8219294445621929"
"10","indep_nmf_procrustes_bridge","46","done","0.20459151672771547","0.18641557149904484","0.22276746195638614","75.12320939815221","166.12285480740397","0.9197936273833855"
"10","recon_only_mvgsnmf","42","skipped_completed","0.24704462867505403","0.23005470218252938","0.2640345551675787","66.45456390210343","157.62141152560162","0.6287250343996276"
"10","recon_only_mvgsnmf","43","skipped_completed","0.2521069297093349","0.23000883379395906","0.2742050256247108","65.90003381626676","153.58114266417576","0.573173546724524"
"10","recon_only_mvgsnmf","44","skipped_completed","0.23949353092602077","0.22547494415298533","0.25351211769905624","69.11729780166861","157.6123541958274","0.620782638860158"
"10","recon_only_mvgsnmf","45","skipped_completed","0.2536836538503382","0.23641417210624088","0.27095313559443557","65.76796123971947","154.92067016066292","0.6203306382061315"
"10","recon_only_mvgsnmf","46","skipped_completed","0.2465190237180153","0.22578788094936691","0.26725016648666367","65.69653625440603","159.9139221072735","0.5945417690474474"
"10","sparse_nmf_l1","42","done","0.23273466212467647","0.21953834856455934","0.2459309756847936","70.72186832268324","156.80171555554384","0.6268352856808328"
"10","sparse_nmf_l1","43","done","0.23767496144327993","0.2190522383206074","0.2562976845659525","70.37090798692954","152.21612899338155","0.5967849563045945"
"10","sparse_nmf_l1","44","done","0.22559662404878034","0.2134511637671912","0.23774208433036945","73.66631342798668","156.67793653600546","0.6388350176935376"
"10","sparse_nmf_l1","45","done","0.2376931377884","0.22604658117152246","0.24933969440527753","69.9354347736215","153.54464468072538","0.6298481620532143"
"10","sparse_nmf_l1","46","done","0.23424820203597632","0.21438998974452556","0.2541064143274271","69.46983726112882","158.365165610059","0.594058636842354"
"10","vanilla_nmf_fro","42","skipped_completed","0.25045857094901364","0.22929848607773337","0.27161865582029393","","","0.6018741795560538"
"10","vanilla_nmf_fro","43","skipped_completed","0.2570905929949968","0.23090002079967503","0.2832811651903186","","","0.5842424511878783"
"10","vanilla_nmf_fro","44","skipped_completed","0.2453614525365837","0.22547928244041074","0.26524362263275664","","","0.5834413783717395"
"10","vanilla_nmf_fro","45","skipped_completed","0.2568431560865383","0.23702169764134773","0.27666461453172886","","","0.5766732603416957"
"10","vanilla_nmf_fro","46","skipped_completed","0.2501927410452025","0.22643659816981287","0.27394888392059213","","","0.5584520253973726"
"15","gnmf_graph","42","done","0.262137929520375","0.24000084138772362","0.2842750176530264","59.83297933057789","147.19993403616658","0.6975996243671935"
"15","gnmf_graph","43","done","0.26151938439977357","0.2393717729329725","0.2836669958665747","59.536029950144005","143.49903379474986","0.6650070782241916"
"15","gnmf_graph","44","done","0.25319701491313645","0.23413992700361233","0.27225410282266055","62.69776984957491","147.30001640836886","0.7386819625358325"
"15","gnmf_graph","45","done","0.26280941213486675","0.2446057268995162","0.28101309737021724","59.58001543434967","145.30712118703732","0.6998059629095409"
"15","gnmf_graph","46","done","0.2589936763050502","0.23732434707738123","0.28066300553271917","59.29317444849088","149.18624359928813","0.6956301557503033"
"15","indep_nmf_procrustes_bridge","42","done","0.21804351197924848","0.19376662777074682","0.24232039618775011","74.21766904877659","159.12305250446812","0.8458507717653584"
"15","indep_nmf_procrustes_bridge","43","done","0.20466251570012736","0.1728763676504391","0.23644866374981563","76.87926263194174","155.59539315651134","0.7340984476374596"
"15","indep_nmf_procrustes_bridge","44","done","0.19159501854700448","0.1661742139418716","0.21701582315213735","80.81537749927855","160.8292383153871","0.7352029333773624"
"15","indep_nmf_procrustes_bridge","45","done","0.21146756674429876","0.1870589311011315","0.235876202387466","76.25004260334805","159.2643609899983","0.7337004132679108"
"15","indep_nmf_procrustes_bridge","46","done","0.2006897758105768","0.16788509148558867","0.23349446013556494","75.92281732035364","162.52836745427553","0.7269164481793118"
"15","recon_only_mvgsnmf","42","skipped_completed","0.2540787688495274","0.23649063740206536","0.2716669002969894","63.216519028672","153.43685147550536","0.6995432732784919"
"15","recon_only_mvgsnmf","43","skipped_completed","0.26021813472004535","0.23625946578958962","0.2841768036505011","63.0349450977016","149.50123520643058","0.6687991000823199"
"15","recon_only_mvgsnmf","44","skipped_completed","0.24921759117967807","0.23222778742594927","0.26620739493340684","65.95890070893132","153.55502405839303","0.6867796008475079"
"15","recon_only_mvgsnmf","45","skipped_completed","0.2612164936406235","0.24276995725257033","0.2796630300286766","62.46383686043314","151.09763506370155","0.7446279568191218"
"15","recon_only_mvgsnmf","46","skipped_completed","0.25679959262473484","0.23464747769636735","0.2789517075531023","62.246235002125935","155.2658503316573","0.6727461105463864"
"15","sparse_nmf_l1","42","done","0.23568050889643383","0.22583148963999622","0.2455295281528714","67.04398151459422","151.86995868253334","0.6987661624920111"
"15","sparse_nmf_l1","43","done","0.24166245492721639","0.2256192130933292","0.25770569676110355","66.70893051829476","147.19576943658575","0.678877498450792"
"15","sparse_nmf_l1","44","done","0.23092006225144437","0.21971668053682403","0.24212344396606472","69.40767184811594","151.50763503249945","0.7392894717835815"
"15","sparse_nmf_l1","45","done","0.24207195722333658","0.2324821554604109","0.25166175898626225","66.13340529613427","148.92737482105838","0.7234923057264524"
"15","sparse_nmf_l1","46","done","0.24281159569493171","0.22479793058755057","0.26082526080231283","64.98547056078422","152.41970388472143","0.6876760533019842"
"15","vanilla_nmf_fro","42","skipped_completed","0.258630538977218","0.2383092559346303","0.27895182201980573","","","0.7097048506392222"
"15","vanilla_nmf_fro","43","skipped_completed","0.264400498878115","0.23856736750630392","0.2902336302499261","","","0.6706191516450202"
"15","vanilla_nmf_fro","44","skipped_completed","0.2528749435845792","0.23372433509064694","0.2720255520785115","","","0.7432652270101153"
"15","vanilla_nmf_fro","45","skipped_completed","0.26428476183023863","0.24472779681757512","0.2838417268429021","","","0.7020298524361007"
"15","vanilla_nmf_fro","46","done","0.26211468111162317","0.23746976890894056","0.2867595933143058","59.86346418391545","152.0182306430963","0.682097123976797"
"20","gnmf_graph","42","done","0.259171407362473","0.24434258420339372","0.2740002305215523","57.82990076681103","144.2587713460178","0.6996067657946567"
"20","gnmf_graph","43","done","0.2653885527757607","0.24443995783300365","0.28633714771851765","57.3250675075405","140.42836867499315","0.6763998624037988"
"20","gnmf_graph","44","done","0.25485927109014606","0.23876561671833746","0.2709529254619547","60.295552841256885","143.41638265705754","0.6920267892453509"
"20","gnmf_graph","45","done","0.26174421186371266","0.24841520287079416","0.2750732208566312","57.48418402443991","142.07796131404527","0.6952136195338126"
"20","gnmf_graph","46","done","0.2600229673839957","0.2433648888766817","0.27668104589130976","56.921747690561446","144.74497751291582","0.6787342319511628"
"20","indep_nmf_procrustes_bridge","42","done","0.21823313648418943","0.19569464569867356","0.2407716272697053","74.83148546073976","159.89488698790146","0.8131157991163892"
"20","indep_nmf_procrustes_bridge","43","done","0.2019080154924039","0.16387095117751968","0.2399450798072881","77.63447502447761","154.41739224538463","0.8771085809242457"
"20","indep_nmf_procrustes_bridge","44","done","0.18841961900990015","0.15415905692100576","0.22268018109879453","81.5157544440357","159.86564631573825","0.6523313951497834"
"20","indep_nmf_procrustes_bridge","45","done","0.20859900984665236","0.1776588418181584","0.2395391778751463","77.81884645179389","159.30115603614007","0.656744078496003"
"20","indep_nmf_procrustes_bridge","46","done","0.19473854045307143","0.15747420755173194","0.23200287335441092","76.55093125936621","161.89420399094513","0.7685118332517433"
"20","recon_only_mvgsnmf","42","skipped_completed","0.25462224830658453","0.24066851118764057","0.26857598542552846","61.82309760572515","150.83939588264786","0.6821981214197299"
"20","recon_only_mvgsnmf","43","skipped_completed","0.25725664246015995","0.23965357533843254","0.2748597095818873","61.84658367535463","147.35739958761482","0.6526867379840336"
"20","recon_only_mvgsnmf","44","skipped_completed","0.24873559316628818","0.23510295658553543","0.26236822974704094","64.44105981245734","151.0951186686948","0.7002143030788675"
"20","recon_only_mvgsnmf","45","skipped_completed","0.25986491075233564","0.24606904903664875","0.27366077246802256","61.08371026789777","149.09526302922706","0.6952855765417727"
"20","recon_only_mvgsnmf","46","skipped_completed","0.2562263265582326","0.23760714149808068","0.2748455116183845","60.74826281068914","152.50102925594817","0.6845704191178477"
"20","sparse_nmf_l1","42","done","0.23235606888440158","0.23189278808017696","0.2328193496886262","65.29361120215871","147.63552728104298","0.5836989866402333"
"20","sparse_nmf_l1","43","done","0.23444633543499782","0.23015756366612714","0.23873510720386848","65.38398707648987","144.1850540959549","0.37424364288164913"
"20","sparse_nmf_l1","44","done","0.2267485704540806","0.22338577743093546","0.23011136347722572","67.56541284462446","148.0039115679076","0.688882894344529"
"20","sparse_nmf_l1","45","done","0.2337942116988152","0.2357175033513093","0.23187092004632107","64.70465369892491","146.08935748258244","0.47583654673177644"
"20","sparse_nmf_l1","46","done","0.23563094849097246","0.22913783779108066","0.24212405919086427","63.58731447254819","149.08949961328585","0.5524438922541228"
"20","vanilla_nmf_fro","42","skipped_completed","0.2605339233622975","0.2436033702467358","0.27746447647785927","","","0.6729240465891656"
"20","vanilla_nmf_fro","43","skipped_completed","0.26278468022642026","0.2439689611850747","0.2816003992677658","","","0.6876806262114131"
"20","vanilla_nmf_fro","44","skipped_completed","0.25451764593098614","0.2383727691950423","0.2706625226669299","","","0.7073166968986047"
"20","vanilla_nmf_fro","45","skipped_completed","0.2639360189177829","0.24863202597818493","0.27924001185738084","","","0.6952136195338126"
"20","vanilla_nmf_fro","46","done","0.2607535589878619","0.242435840524827","0.27907127745089677","58.10140512262882","148.66211340915694","0.6787342319511627"
"25","gnmf_graph","42","done","0.2608018708545561","0.2474601181040924","0.2741436236050198","55.77260660378291","141.44863454527925","0.6368468344764522"
"25","gnmf_graph","43","done","0.26069964188899786","0.24666131788485846","0.2747379658931372","55.14635508754038","138.16478336593605","0.6358922504020402"
"25","gnmf_graph","44","done","0.2543851215616033","0.24132560894784352","0.2674446341753631","58.554042916290506","141.2415454814664","0.6533084750397046"
"25","gnmf_graph","45","done","0.2576575821765561","0.25142085406543335","0.2638943102876788","55.37204606626525","139.98157978324073","0.6661133741390789"
"25","gnmf_graph","46","done","0.2617929174542648","0.24578452849951082","0.27780130640901884","54.53678626685848","142.29804112567288","0.6397238986834853"
"25","indep_nmf_procrustes_bridge","42","done","0.20667139848019578","0.16985194145654642","0.2434908555038451","74.38210620886876","158.4194262534545","0.8164105544560664"
"25","indep_nmf_procrustes_bridge","43","done","0.20365748136522932","0.15947805188707648","0.24783691084338214","77.75955228924384","153.18442821679056","0.753600442425953"
"25","indep_nmf_procrustes_bridge","44","done","0.17609919303625665","0.13083627339471118","0.22136211267780212","80.93867466713013","159.5978460427228","0.6521088779058499"
"25","indep_nmf_procrustes_bridge","45","done","0.20210411551998664","0.16289574859693046","0.24131248244304282","78.14641849751047","156.96440205060318","0.7292613578153835"
"25","indep_nmf_procrustes_bridge","46","done","0.1833982573795282","0.13346622943425906","0.23333028532479735","76.73034228643351","159.98524225305616","0.6759954669985935"
"25","recon_only_mvgsnmf","42","skipped_completed","0.2560453135146097","0.24154705299313556","0.2705435740360838","60.357462286345225","149.7517053901098","0.6303623697987496"
"25","recon_only_mvgsnmf","43","skipped_completed","0.2584355544743857","0.24079189036675716","0.2760792185820143","60.37990280035788","146.6261441531951","0.6399251452853921"
"25","recon_only_mvgsnmf","44","skipped_completed","0.2511754944872155","0.23680439194987105","0.2655465970245599","62.9854578981724","150.273497475409","0.6464330418471057"
"25","recon_only_mvgsnmf","45","skipped_completed","0.26180298261000823","0.24821428129349962","0.2753916839265168","59.648745544011085","147.94118766638232","0.6288881901157063"
"25","recon_only_mvgsnmf","46","skipped_completed","0.2590553332889496","0.23828295685519882","0.2798277097227003","59.22606927333069","151.59761295036887","0.6372598624156813"
"25","sparse_nmf_l1","42","done","0.23034284593884985","0.2336131431088244","0.22707254876887528","63.99252537751427","145.765017412897","0.44084186956758253"
"25","sparse_nmf_l1","43","done","0.23266711702765197","0.23137488866101824","0.23395934539428573","63.79388032090658","142.64402843436287","0.2756279758173483"
"25","sparse_nmf_l1","44","done","0.22498790910229138","0.22538025954323682","0.22459555866134592","66.62277643106808","146.66214018566404","0.46060950717322546"
"25","sparse_nmf_l1","45","done","0.23087877688369848","0.2368309855252342","0.22492656824216276","63.46065340876742","144.4364724691997","0.19296818744621788"
"25","sparse_nmf_l1","46","done","0.23451311090773766","0.2319577350828773","0.23706848673259803","62.19153484736647","147.30587866643393","0.32035112996050574"
"25","vanilla_nmf_fro","42","skipped_completed","0.2621167665465973","0.2462467413633257","0.2779867917298689","","","0.6340173698042145"
"25","vanilla_nmf_fro","43","skipped_completed","0.2623000191130407","0.2462003035791582","0.27839973464692314","","","0.6161996862287509"
"25","vanilla_nmf_fro","44","skipped_completed","0.2555799660872612","0.2403234497733889","0.2708364824011335","","","0.6549480538186842"
"25","vanilla_nmf_fro","45","skipped_completed","0.26403169343645483","0.2513081528793416","0.2767552339935681","","","0.6450824641364707"
"25","vanilla_nmf_fro","46","done","0.2618489376288824","0.24468947443141756","0.27900840082634726","56.123982135448145","147.18350253373222","0.6227264724290618"
"30","gnmf_graph","42","done","0.2608176408672557","0.2498563071583281","0.2717789745761832","53.78144659493558","138.76975429772585","0.6310091209741324"
"30","gnmf_graph","43","done","0.25925367030406654","0.24992216673459483","0.2685851738735383","53.85863960459538","136.18396312997427","0.6548473083694124"
"30","gnmf_graph","44","done","0.2527753041132051","0.24352498154189212","0.26202562668451806","56.797699059733965","139.0039222422283","0.6505475669927981"
"30","gnmf_graph","45","done","0.2571923446588596","0.25299790971186503","0.26138677960585416","53.95992489015912","138.45494899292345","0.638277797008517"
"30","gnmf_graph","46","done","0.2617111730400095","0.25057009322835666","0.27285225285166237","52.890402883507555","138.93092933997875","0.6765550026190715"
"30","indep_nmf_procrustes_bridge","42","done","0.1769912782199451","0.1304605970285457","0.22352195941134445","78.03007557957581","156.29218533968046","0.5574201913682906"
"30","indep_nmf_procrustes_bridge","43","done","0.2018775091636768","0.15220358464547215","0.2515514336818815","78.4757547331796","152.97142531697696","0.7089795892163556"
"30","indep_nmf_procrustes_bridge","44","done","0.17460075870828828","0.12189485531160923","0.22730666210496736","81.6345707993058","156.8215845748625","0.8086313603924836"
"30","indep_nmf_procrustes_bridge","45","done","0.19878664927499756","0.15710824382267158","0.24046505472732352","79.44632252326493","155.3766917015013","0.7040175098029771"
"30","indep_nmf_procrustes_bridge","46","done","0.18351889336723476","0.12766549702323782","0.2393722897112317","76.9580381092364","158.9626814595002","0.7317374257411243"
"30","recon_only_mvgsnmf","42","skipped_completed","0.2573872417244455","0.24231858981160131","0.2724558936372897","59.56482810797413","148.21813483608435","0.6299362263793031"
"30","recon_only_mvgsnmf","43","skipped_completed","0.2575410199428773","0.2422922641429824","0.27278977574277224","59.536948181251596","145.5001968338459","0.6295938521462529"
"30","recon_only_mvgsnmf","44","skipped_completed","0.25138494106230336","0.23827854744047536","0.26449133468413133","62.31641851225887","148.76466826857632","0.6482237387747275"
"30","recon_only_mvgsnmf","45","skipped_completed","0.2582814012815995","0.2485668859829856","0.2679959165802134","59.45085840366507","147.24544354826412","0.645225842237474"
"30","recon_only_mvgsnmf","46","skipped_completed","0.2583164682636977","0.24109221857739074","0.2755407179500046","58.21396432031879","150.02546529460483","0.6234485998351713"
"30","sparse_nmf_l1","42","done","0.22753663922821313","0.23568900606124887","0.21938427239517738","62.935514737497364","143.41608372354412","0.41680742589367015"
"30","sparse_nmf_l1","43","done","0.22764523841851234","0.2338747304771209","0.22141574635990377","63.16131480650169","140.94824105629922","0.19688055168781365"
"30","sparse_nmf_l1","44","done","0.22186460093993318","0.22888366313085315","0.21484553874901322","65.2914455177636","144.08909315124032","0.45399288544811295"
"30","sparse_nmf_l1","45","done","0.2244573324301992","0.23909389759411281","0.20982076726628557","63.37862561836714","143.0389276014072","0.14663676925710148"
"30","sparse_nmf_l1","46","done","0.2305946321836441","0.23500804710642126","0.22618121726086693","61.20396188519856","143.54240411443575","0.3667231601912684"
"30","vanilla_nmf_fro","42","skipped_completed","0.2616515620633504","0.24853210183844912","0.2747710222882517","","","0.6270752960380376"
"30","vanilla_nmf_fro","43","skipped_completed","0.2608183497342355","0.2488718854006288","0.2727648140678422","","","0.6106060393798542"
"30","vanilla_nmf_fro","44","skipped_completed","0.25552119282423935","0.24391005280022857","0.2671323328482501","","","0.6484866235450326"
"30","vanilla_nmf_fro","45","skipped_completed","0.26116021712679083","0.2535575811030924","0.26876285315048926","","","0.638277797008517"
"30","vanilla_nmf_fro","46","done","0.2619018958337378","0.24813418137083743","0.27566961029663817","54.437771056719484","144.93996460070045","0.6184940644204013"
"35","gnmf_graph","42","done","0.26563354230034164","0.25379107403762297","0.2774760105630603","51.73416222564572","134.23670171176425","0.6627556268685291"
"35","gnmf_graph","43","done","0.26156600906279104","0.2555311168724537","0.2676009012531283","51.70277098592412","131.90152667802286","0.665508032658221"
"35","gnmf_graph","44","done","0.25202876450733563","0.24737359000147963","0.25668393901319164","55.61407665258356","136.7291799184713","0.6760143927823581"
"35","gnmf_graph","45","done","0.2585629917351134","0.2565346138682728","0.26059136960195395","51.968203837273265","135.1870510564291","0.6574191525362191"
"35","gnmf_graph","46","done","0.2591372750925828","0.25272477004378374","0.26554978014138175","52.10347057862006","137.90801060153095","0.6385866705129405"
"35","indep_nmf_procrustes_bridge","42","done","0.1990677952057886","0.15425702843557298","0.24387856197600422","76.22680940956744","154.80838301925115","0.6782394777618155"
"35","indep_nmf_procrustes_bridge","43","done","0.19954942017358238","0.14758157572690983","0.2515172646202549","78.24198778476278","151.32769875108045","0.6579084796547245"
"35","indep_nmf_procrustes_bridge","44","done","0.15676483994452967","0.1182147135322136","0.19531496635684575","79.99417094397003","156.66546105721338","0.6699096842572336"
"35","indep_nmf_procrustes_bridge","45","done","0.1953114714860863","0.14389447400001043","0.24672846897216213","77.8012349261915","153.9049771318673","0.6295084703730561"
"35","indep_nmf_procrustes_bridge","46","done","0.18906888146032327","0.15016403576144186","0.2279737271592047","76.59580094171919","156.9233385240294","0.6971711220149892"
"35","recon_only_mvgsnmf","42","skipped_completed","0.2604987170293187","0.2447928091610617","0.2762046248975757","58.05001007721454","145.71548926282708","0.6456010327861087"
"35","recon_only_mvgsnmf","43","skipped_completed","0.26124308722904716","0.24721554556662262","0.2752706288914717","58.70980475182385","142.40721761594338","0.6886553533367616"
"35","recon_only_mvgsnmf","44","skipped_completed","0.25413909843517263","0.24106928787425144","0.26720890899609384","60.68555270862672","146.38908080435104","0.6775721511215169"
"35","recon_only_mvgsnmf","45","skipped_completed","0.2597070118852168","0.25093524602801087","0.2684787777424227","58.19180931533195","145.05329737419373","0.6652958075395554"
"35","recon_only_mvgsnmf","46","skipped_completed","0.26166530219054923","0.2436662167460803","0.27966438763501816","57.566201688800916","147.31840106907342","0.6591662359667759"
"35","sparse_nmf_l1","42","done","0.2226956040304221","0.23859637179666893","0.20679483626417527","61.75463045160696","139.82108163020692","0.23384722388181198"
"35","sparse_nmf_l1","43","done","0.22450767201087485","0.23721140498150567","0.21180393904024403","61.78355523183725","137.01072706890656","0.03523306503834779"
"35","sparse_nmf_l1","44","done","0.2170631856142159","0.23088135228026477","0.203245018948167","65.1410504159624","140.60827308905527","0.12268722214858063"
"35","sparse_nmf_l1","45","done","0.22227322150522705","0.24079861007357078","0.20374783293688334","62.29708642638896","139.5712754908872","-0.17299459157120814"
"35","sparse_nmf_l1","46","done","0.22735326986272053","0.2373416283162938","0.21736491140914724","60.86825780822108","140.91658900681114","0.19478698194572247"
"35","vanilla_nmf_fro","42","skipped_completed","0.26671286623394447","0.2537808746430231","0.2796448578248658","","","0.6697163467696814"
"35","vanilla_nmf_fro","43","skipped_completed","0.2653774932742819","0.2543104132053025","0.2764445733432613","","","0.6885217275036944"
"35","vanilla_nmf_fro","44","skipped_completed","0.2592901070349506","0.24725016256211046","0.27133005150779066","","","0.6683651346229501"
"35","vanilla_nmf_fro","45","skipped_completed","0.26378488424901514","0.25673788810110265","0.2708318803969276","","","0.6411909232405686"
"35","vanilla_nmf_fro","46","done","0.2651520332236368","0.2522631333311168","0.27804093311615674","53.78262464563476","141.5752252040608","0.6770531817037545"
"40","gnmf_graph","42","done","0.261206278938947","0.25096345040346985","0.27144910747442413","50.713531429171304","132.77205145996297","0.6714066813222908"
"40","gnmf_graph","43","done","0.2592749777417839","0.25706181919364113","0.26148813628992656","51.2339060885392","130.2382283298023","0.6899379968941788"
"40","gnmf_graph","44","done","0.25502773461339756","0.24952984282699797","0.2605256263997972","54.07679152322708","133.66355395553023","0.6516990039046393"
"40","gnmf_graph","45","done","0.2569088246721307","0.25865702078491776","0.2551606285593437","51.07751433696866","132.44469780712046","0.6770685053828258"
"40","gnmf_graph","46","done","0.2628012985158227","0.25135922482027834","0.274243372211367","50.84098268170925","134.39340724742968","0.6648413092649909"
"40","indep_nmf_procrustes_bridge","42","done","0.20182044447994107","0.16749759835214306","0.2361432906077391","77.72984877608882","155.5596857658371","0.5523728339884515"
"40","indep_nmf_procrustes_bridge","43","done","0.1765045997852923","0.10579127979053173","0.24721791978005286","79.97799915370356","151.52460861355235","0.5802369073529283"
"40","indep_nmf_procrustes_bridge","44","done","0.17511092830936592","0.11983910848217397","0.2303827481365579","81.28821443412241","154.80642995068715","0.6437977705999989"
"40","indep_nmf_procrustes_bridge","45","done","0.19578962196464778","0.144252300954417","0.2473269429748786","76.87403300112122","152.56297485435195","0.6188858857232583"
"40","indep_nmf_procrustes_bridge","46","done","0.17096017576512423","0.12687591669302486","0.21504443483722363","79.08364913390065","158.02739432773635","0.5250446757894066"
"40","recon_only_mvgsnmf","42","skipped_completed","0.26411673859552226","0.24912092784825815","0.2791125493427864","58.51997870056923","145.0632455590709","0.6811117388663973"
"40","recon_only_mvgsnmf","43","skipped_completed","0.262587539691197","0.24943700132263968","0.27573807805975437","58.24864843998988","141.53900468683491","0.6979960231280715"
"40","recon_only_mvgsnmf","44","skipped_completed","0.2535864983123761","0.24471897076147484","0.26245402586327743","60.98543839822578","145.03290414253954","0.6783926143925063"
"40","recon_only_mvgsnmf","45","skipped_completed","0.2592462844129767","0.2534781095026917","0.26501445932326173","58.43387759507625","143.85079284294093","0.6780007629234592"
"40","recon_only_mvgsnmf","46","skipped_completed","0.26035361479350794","0.2461553924448563","0.2745518371421595","58.12841270698362","147.06952984969917","0.6657742156407579"
"40","sparse_nmf_l1","42","done","0.2163212684455292","0.23967189654843168","0.19297064034262673","62.30442242058106","138.54843940703284","-0.05285490102516808"
"40","sparse_nmf_l1","43","done","0.22200188191355597","0.2392972368245194","0.20470652700259254","61.62246421699822","134.65277713189508","-0.183447179693612"
"40","sparse_nmf_l1","44","done","0.2122555081934236","0.23303584513259762","0.19147517125424957","66.29587122891002","138.66257806752353","-0.2715291638071161"
"40","sparse_nmf_l1","45","done","0.21804446847642978","0.24186215050308724","0.19422678644977234","62.90190641131825","137.95855094190475","-0.3927432913365465"
"40","sparse_nmf_l1","46","done","0.22032913085830086","0.2379993685231963","0.20265889319340538","61.78273822361315","139.7828814131817","-0.1951131850533387"
"40","vanilla_nmf_fro","42","skipped_completed","0.2648112802847431","0.25643747267455047","0.2731850878949357","","","0.6727996087162156"
"40","vanilla_nmf_fro","43","skipped_completed","0.26600012778798043","0.2579014519587111","0.2740988036172497","","","0.712867428598034"
"40","vanilla_nmf_fro","44","skipped_completed","0.25653523174737336","0.25145478185383935","0.26161568164090737","","","0.6746626742473036"
"40","vanilla_nmf_fro","45","skipped_completed","0.26196377504399904","0.25869912027008873","0.26522842981790934","","","0.6636945887088394"
"40","vanilla_nmf_fro","46","done","0.26249984083602873","0.25473419126110586","0.27026549041095166","53.68409287681108","140.86302541771184","0.6675907649456437"
