K,stage,active_losses,seed,valid_map_avg,sym2herb_map,herb2sym_map,symptom_pred_ppl_em_prob,herb_pred_ppl_em_prob,topic_coherence
5,00_active_graph_h__graph_s__l1__pair__know_hs,"graph_h,graph_s,l1,pair,know_hs",42,0.22359459586202968,0.20508208481090826,0.24210710691315107,73.52896917154645,165.03830478245484,0.81434425238779
5,00_active_graph_h__graph_s__l1__pair__know_hs,"graph_h,graph_s,l1,pair,know_hs",43,0.22104449726154168,0.20445766824764788,0.23763132627543546,72.52142964817041,160.91134450490125,0.8151341441584959
5,00_active_graph_h__graph_s__l1__pair__know_hs,"graph_h,graph_s,l1,pair,know_hs",44,0.2173137262935197,0.2008912182055033,0.23373623438153612,76.78440021814718,164.83948559373965,0.8235109469953192
5,00_active_graph_h__graph_s__l1__pair__know_hs,"graph_h,graph_s,l1,pair,know_hs",45,0.20292421418666973,0.18649978538472287,0.21934864298861656,73.32245529825568,163.7961804807246,0.7991788179043058
5,00_active_graph_h__graph_s__l1__pair__know_hs,"graph_h,graph_s,l1,pair,know_hs",46,0.22162339597888808,0.2000678504565283,0.24317894150124786,73.4627183376772,167.75052040095844,0.8038376829741164
5,01_active_graph_h__graph_s__l1__pair,"graph_h,graph_s,l1,pair",42,0.22130835244244063,0.20363480550806148,0.23898189937681977,73.61914247179172,164.74331657437062,0.806984178773342
5,01_active_graph_h__graph_s__l1__pair,"graph_h,graph_s,l1,pair",43,0.22582407834035126,0.20711676575586405,0.24453139092483847,72.51374058264861,160.65811317291028,0.8098933228709763
5,01_active_graph_h__graph_s__l1__pair,"graph_h,graph_s,l1,pair",44,0.2166486681816845,0.1999920110464734,0.2333053253168956,76.91312390199046,164.80303070168463,0.8108211615802785
5,01_active_graph_h__graph_s__l1__pair,"graph_h,graph_s,l1,pair",45,0.2309559979603753,0.21049966496508768,0.2514123309556629,73.4014452670874,160.4902967023773,0.8075855581569126
5,01_active_graph_h__graph_s__l1__pair,"graph_h,graph_s,l1,pair",46,0.21934478818969788,0.19887995752778884,0.23980961885160693,73.51680047690945,168.01915478178398,0.8038376829741164
5,02_active_graph_h__graph_s__l1,"graph_h,graph_s,l1",42,0.21747656413113775,0.2025149394149978,0.23243818884727774,73.59020349049885,165.781975927279,0.843509401227428
5,02_active_graph_h__graph_s__l1,"graph_h,graph_s,l1",43,0.2277936007563009,0.20287663782809548,0.25271056368450634,72.64316120438454,159.90515029349234,0.8098933228709763
5,02_active_graph_h__graph_s__l1,"graph_h,graph_s,l1",44,0.1961868100109035,0.17406748474605646,0.2183061352757505,76.9576446428769,168.83460521336286,0.8116412805912926
5,02_active_graph_h__graph_s__l1,"graph_h,graph_s,l1",45,0.200292009189458,0.17809079511503306,0.2224932232638829,73.35098670644027,164.98457183869922,0.7980669249819676
5,02_active_graph_h__graph_s__l1,"graph_h,graph_s,l1",46,0.22053866567873232,0.1986756352831902,0.2424016960742744,73.44611174736045,168.27167032142214,0.8038376829741164
5,03_active_graph_h__graph_s,"graph_h,graph_s",42,0.23052364711975828,0.20840195165599923,0.25264534258351734,73.26898800391803,162.12932268739976,0.758975331371176
5,03_active_graph_h__graph_s,"graph_h,graph_s",43,0.23290481103652172,0.21055256753332738,0.25525705453971603,72.57497051628404,159.04759503399728,0.8003632898074848
5,03_active_graph_h__graph_s,"graph_h,graph_s",44,0.22094279404502787,0.20525034593332694,0.2366352421567288,77.02995941109947,163.94670429227494,0.8268360356516732
5,03_active_graph_h__graph_s,"graph_h,graph_s",45,0.2292600280651345,0.21468785046912178,0.24383220566114727,73.19158354634041,159.9306850337577,0.812712901237429
5,03_active_graph_h__graph_s,"graph_h,graph_s",46,0.22743572349305938,0.20445044495461867,0.2504210020315001,73.48682906855596,165.82196102393038,0.8165814030465881
5,04_active_graph_h,graph_h,42,0.20364617327435405,0.16054020642606218,0.24675214012264593,74.45732327815453,164.9723386399528,0.7771205003247877
5,04_active_graph_h,graph_h,43,0.20845857967265624,0.16222286141930578,0.2546942979260067,73.70407594124282,160.56432910690876,0.8288214135803319
5,04_active_graph_h,graph_h,44,0.197389932624583,0.15814575903089959,0.23663410621826642,77.85936501055555,165.38360147365054,0.7789950098366425
5,04_active_graph_h,graph_h,45,0.20648292695691592,0.16322796302869888,0.24973789088513296,73.9935954834659,161.28030196529647,0.8332036004869747
5,04_active_graph_h,graph_h,46,0.200334739837541,0.15540000914875424,0.24526947052632775,74.52244273751892,168.1351340470237,0.7790037032686611
5,05_recon_only_ph_ps_nonneg,recon_only,42,0.23388351888015724,0.22328516561280506,0.24448187214750938,75.39227427973445,164.84315259867032,0.615570276710742
5,05_recon_only_ph_ps_nonneg,recon_only,43,0.23877643209965582,0.2238218240197228,0.2537310401795888,74.56859182435278,160.40232656646745,0.5998151759022377
5,05_recon_only_ph_ps_nonneg,recon_only,44,0.22666678905484866,0.2183107052806802,0.23502287282901715,79.14722092823688,165.25073359241904,0.6013959974355275
5,05_recon_only_ph_ps_nonneg,recon_only,45,0.2407216511050405,0.23067785580899522,0.2507654464010858,75.29441130067877,161.14623221016984,0.5970569686921704
5,05_recon_only_ph_ps_nonneg,recon_only,46,0.231408766067189,0.21815987905304085,0.24465765308133713,75.23975503103749,167.98967015367853,0.5988896096803049
10,00_active_graph_h__graph_s__l1__pair__know_hs,"graph_h,graph_s,l1,pair,know_hs",42,0.23167928326408335,0.21509327692342858,0.24826528960473812,64.67988270211977,157.31527356935328,0.7158409528285992
10,00_active_graph_h__graph_s__l1__pair__know_hs,"graph_h,graph_s,l1,pair,know_hs",43,0.2272521762897004,0.20354148778778383,0.25096286479161695,63.46842838204482,154.59691344649974,0.7359633817283321
10,00_active_graph_h__graph_s__l1__pair__know_hs,"graph_h,graph_s,l1,pair,know_hs",44,0.23029957964214642,0.21162016863003047,0.24897899065426235,66.71421415605181,157.0879630945134,0.7617123941344179
10,00_active_graph_h__graph_s__l1__pair__know_hs,"graph_h,graph_s,l1,pair,know_hs",45,0.23981424241761728,0.22257451661838287,0.2570539682168517,64.01921012502567,153.965972433642,0.6983920518101067
10,00_active_graph_h__graph_s__l1__pair__know_hs,"graph_h,graph_s,l1,pair,know_hs",46,0.23488087866983157,0.2131244842427415,0.25663727309692164,63.877799687946315,158.70794118068162,0.7016256208412979
10,01_active_graph_h__graph_s__l1__pair,"graph_h,graph_s,l1,pair",42,0.23364229854723817,0.21703017143409956,0.2502544256603768,64.94264142343226,156.7793552346205,0.7244768874134697
10,01_active_graph_h__graph_s__l1__pair,"graph_h,graph_s,l1,pair",43,0.2375725201139015,0.21671066928793467,0.2584343709398683,63.55010910576744,152.45639243210388,0.7326228883057128
10,01_active_graph_h__graph_s__l1__pair,"graph_h,graph_s,l1,pair",44,0.231017502107279,0.21352176852633245,0.24851323568822556,66.92556915200676,157.99334169275923,0.7457858264485403
10,01_active_graph_h__graph_s__l1__pair,"graph_h,graph_s,l1,pair",45,0.23639409701831932,0.21340667166049174,0.25938152237614687,64.21265193840027,153.98783880362416,0.6983920518101067
10,01_active_graph_h__graph_s__l1__pair,"graph_h,graph_s,l1,pair",46,0.23423274064972968,0.21295609739909138,0.255509383900368,64.12621798220127,158.77905878738522,0.7314673418644613
10,02_active_graph_h__graph_s__l1,"graph_h,graph_s,l1",42,0.23497753060092597,0.2173339487397632,0.25262111246208874,64.95426933119164,156.94263285200194,0.7427394986405128
10,02_active_graph_h__graph_s__l1,"graph_h,graph_s,l1",43,0.2400900673275441,0.21593402613738272,0.26424610851770547,63.472405556071216,152.88877934695586,0.7326228883057126
10,02_active_graph_h__graph_s__l1,"graph_h,graph_s,l1",44,0.22274624873033091,0.20303004994575835,0.24246244751490348,66.99779390262586,158.05034350972429,0.713947593452506
10,02_active_graph_h__graph_s__l1,"graph_h,graph_s,l1",45,0.23899659600947148,0.21808217186250117,0.2599110201564418,64.17878340191892,154.32687698997205,0.6983920518101067
10,02_active_graph_h__graph_s__l1,"graph_h,graph_s,l1",46,0.21617537371875026,0.18771199609162773,0.2446387513458728,63.982837435672536,161.96406475295345,0.737594528842499
10,03_active_graph_h__graph_s,"graph_h,graph_s",42,0.2426513035623311,0.2172447534480438,0.26805785367661844,64.09703172662115,156.26705720951017,0.520674615705315
10,03_active_graph_h__graph_s,"graph_h,graph_s",43,0.24705464355205803,0.22079277422378163,0.27331651288033443,62.82049689709566,149.847607855025,0.6699441607988607
10,03_active_graph_h__graph_s,"graph_h,graph_s",44,0.24111707330842885,0.21719581722772582,0.26503832938913185,66.2975568433211,154.8827295480927,0.6072591015824161
10,03_active_graph_h__graph_s,"graph_h,graph_s",45,0.22338006413245715,0.2070619860063566,0.2396981422585577,63.585400525106216,154.94021013934446,0.6512067188328572
10,03_active_graph_h__graph_s,"graph_h,graph_s",46,0.24332515364956836,0.21680851381769686,0.2698417934814399,63.12375059962821,156.92681956428453,0.6630381907582932
10,04_active_graph_h,graph_h,42,0.1905616901238498,0.15602552949902831,0.22509785074867128,65.00300750225882,162.28939473234703,0.5226522878783966
10,04_active_graph_h,graph_h,43,0.23776592899113086,0.2147031366228838,0.2608287213593779,63.068789705851266,155.03434574159982,0.6149975449913883
10,04_active_graph_h,graph_h,44,0.18610238508247862,0.15149051214345027,0.220714258021507,67.60375193628133,163.0177905475469,0.5926881731142839
10,04_active_graph_h,graph_h,45,0.19505777456740025,0.1612314579604424,0.22888409117435815,64.29646052198738,158.73940622999183,0.6446907652515014
10,04_active_graph_h,graph_h,46,0.18732436428814978,0.1506301739138375,0.22401855466246204,63.970116284982986,165.06161273821394,0.6389801102952484
10,05_recon_only_ph_ps_nonneg,recon_only,42,0.24784261866261814,0.23024085602986494,0.26544438129537135,66.75928291838729,157.31488207331108,0.5938216343106715
10,05_recon_only_ph_ps_nonneg,recon_only,43,0.252368894098832,0.23000679762399828,0.27473099057366573,66.36121955851493,153.47609009626203,0.5766172067995501
10,05_recon_only_ph_ps_nonneg,recon_only,44,0.24211531449677687,0.22593688176466206,0.2582937472288917,69.32231874541698,157.11439073818298,0.5716741034060855
10,05_recon_only_ph_ps_nonneg,recon_only,45,0.25492565938254425,0.23741480423300745,0.27243651453208106,66.03428597803352,154.69401796594113,0.5948412667843669
10,05_recon_only_ph_ps_nonneg,recon_only,46,0.24718232753844147,0.2259551691219327,0.26840948595495023,65.95650299213852,159.58093772535096,0.5496577714408473
15,00_active_graph_h__graph_s__l1__pair__know_hs,"graph_h,graph_s,l1,pair,know_hs",42,0.2535867578662344,0.2303779710026638,0.27679554472980505,60.09894516738774,151.44703364686941,0.7926255139672859
15,00_active_graph_h__graph_s__l1__pair__know_hs,"graph_h,graph_s,l1,pair,know_hs",43,0.25173274376874005,0.2285320793895509,0.2749334081479292,59.80724273331592,145.89313356426996,0.7738120123806502
15,00_active_graph_h__graph_s__l1__pair__know_hs,"graph_h,graph_s,l1,pair,know_hs",44,0.24414912221445345,0.22349142868244284,0.26480681574646403,62.62141189085931,150.94797121412938,0.7909785897975367
15,00_active_graph_h__graph_s__l1__pair__know_hs,"graph_h,graph_s,l1,pair,know_hs",45,0.2380872403342377,0.21363772548109877,0.2625367551873766,59.262255203791035,148.13550504642527,0.8406866356912364
15,00_active_graph_h__graph_s__l1__pair__know_hs,"graph_h,graph_s,l1,pair,know_hs",46,0.23707623423104196,0.20439259697893739,0.2697598714831465,59.44976306426946,152.5553420106869,0.7789272245932213
15,01_active_graph_h__graph_s__l1__pair,"graph_h,graph_s,l1,pair",42,0.24010302317357018,0.2133449340322066,0.26686111231493376,60.35294967071212,151.5405193224773,0.7775275139207284
15,01_active_graph_h__graph_s__l1__pair,"graph_h,graph_s,l1,pair",43,0.2436928404323282,0.20520316938156977,0.28218251148308665,59.84176912852891,147.81552157173422,0.7655369154576678
15,01_active_graph_h__graph_s__l1__pair,"graph_h,graph_s,l1,pair",44,0.2479713961297847,0.22373297509178866,0.2722098171677807,62.59534784934296,150.61499389731043,0.8154601106954591
15,01_active_graph_h__graph_s__l1__pair,"graph_h,graph_s,l1,pair",45,0.2518017254680531,0.23406349497810092,0.26953995595800523,59.359939512970726,147.7760438513078,0.8313568878407929
15,01_active_graph_h__graph_s__l1__pair,"graph_h,graph_s,l1,pair",46,0.25423250228379535,0.22672690349649108,0.28173810107109964,59.44750556027598,151.600218981997,0.7597516840056215
15,02_active_graph_h__graph_s__l1,"graph_h,graph_s,l1",42,0.2466917596186305,0.21798050958539286,0.27540300965186815,60.29842653756644,152.71409738608088,0.7666021858067407
15,02_active_graph_h__graph_s__l1,"graph_h,graph_s,l1",43,0.2347477064513355,0.20498108411294758,0.2645143287897234,59.76897678147657,147.80628434958174,0.7764630783349726
15,02_active_graph_h__graph_s__l1,"graph_h,graph_s,l1",44,0.22336431921737776,0.1937799402777247,0.25294869815703086,62.689480528880694,153.26586048526627,0.8226615705134803
15,02_active_graph_h__graph_s__l1,"graph_h,graph_s,l1",45,0.25749698106687713,0.23331919491240116,0.28167476722135304,59.32298901496982,148.58743715278135,0.8134576732888611
15,02_active_graph_h__graph_s__l1,"graph_h,graph_s,l1",46,0.25494472930852147,0.22638756882196956,0.28350188979507335,59.53859527783442,151.9463423206852,0.7654670973418521
15,03_active_graph_h__graph_s,"graph_h,graph_s",42,0.2547033305590194,0.2302749464989358,0.27913171461910297,59.92783039299025,149.15801658072593,0.7642254092215857
15,03_active_graph_h__graph_s,"graph_h,graph_s",43,0.2573725673616016,0.22924161358035286,0.2855035211428503,59.75434807673745,146.7574791659131,0.7643355619931688
15,03_active_graph_h__graph_s,"graph_h,graph_s",44,0.24263385505866175,0.22340551049215027,0.26186219962517326,62.556934540093415,150.468290149314,0.7839129149797462
15,03_active_graph_h__graph_s,"graph_h,graph_s",45,0.23923090912791284,0.2193650559899293,0.25909676226589634,59.401296045494696,148.26017455504146,0.813792327149359
15,03_active_graph_h__graph_s,"graph_h,graph_s",46,0.2513770366247076,0.22645553536451404,0.27629853788490116,59.23014664912917,152.7937840936322,0.7087410806410094
15,04_active_graph_h,graph_h,42,0.2322074038555306,0.19436731998025802,0.27004748773080317,59.95709656972906,153.38957309189607,0.6817973369475355
15,04_active_graph_h,graph_h,43,0.2181435251796424,0.20015064823264425,0.23613640212664053,60.22507956810062,154.09455608159797,0.7503690056038193
15,04_active_graph_h,graph_h,44,0.23758523320309793,0.20350211735682897,0.27166834904936693,63.746612752391094,152.70279851713005,0.7484245041373929
15,04_active_graph_h,graph_h,45,0.200091332652051,0.15915352190847903,0.24102914339562298,60.46315221497426,156.75945332529392,0.7642951120760181
15,04_active_graph_h,graph_h,46,0.20858344177386454,0.17841432175778976,0.2387525617899393,60.462473275534606,159.8937500041259,0.758777215818473
15,05_recon_only_ph_ps_nonneg,recon_only,42,0.25553109793384987,0.23672301169365778,0.27433918417404196,63.455479086106614,153.27189694518708,0.7007789412948953
15,05_recon_only_ph_ps_nonneg,recon_only,43,0.2602182961632711,0.23657524642531208,0.2838613459012301,63.21921175559305,149.55846138589052,0.6868718841178202
15,05_recon_only_ph_ps_nonneg,recon_only,44,0.24984861235781253,0.23235831149967454,0.26733891321595055,66.06246146903948,153.39414800340148,0.7160690268704877
15,05_recon_only_ph_ps_nonneg,recon_only,45,0.2625271033092891,0.24292958055560254,0.28212462606297556,62.651461674273875,150.94415708941125,0.7333619807838598
15,05_recon_only_ph_ps_nonneg,recon_only,46,0.25638213273287624,0.2348596451359454,0.27790462032980706,62.59160877243714,155.4924545382795,0.7009535716824896
20,00_active_graph_h__graph_s__l1__pair__know_hs,"graph_h,graph_s,l1,pair,know_hs",42,0.24952991720705336,0.23446179166371853,0.26459804275038823,58.15357384983332,146.85623749530885,0.7514551961051502
20,00_active_graph_h__graph_s__l1__pair__know_hs,"graph_h,graph_s,l1,pair,know_hs",43,0.25709128466219044,0.2340011190708418,0.28018145025353913,57.36395575304216,144.06812186876243,0.7607109965393801
20,00_active_graph_h__graph_s__l1__pair__know_hs,"graph_h,graph_s,l1,pair,know_hs",44,0.23655371886984455,0.20687644460033508,0.26623099313935406,60.5607404351657,149.40530649927496,0.7694577435990165
20,00_active_graph_h__graph_s__l1__pair__know_hs,"graph_h,graph_s,l1,pair,know_hs",45,0.2481264146591784,0.23774967240407568,0.2585031569142811,57.664350670705694,145.20388380306548,0.7896910543203253
20,00_active_graph_h__graph_s__l1__pair__know_hs,"graph_h,graph_s,l1,pair,know_hs",46,0.254678754726925,0.23114295564130863,0.27821455381254145,57.15957948381535,148.63341766955486,0.7555847287864045
20,01_active_graph_h__graph_s__l1__pair,"graph_h,graph_s,l1,pair",42,0.25162848064162097,0.23357241589346125,0.2696845453897807,58.144809817506925,147.3329445366914,0.7544544611048765
20,01_active_graph_h__graph_s__l1__pair,"graph_h,graph_s,l1,pair",43,0.25571686847019576,0.23340009586761892,0.27803364107277256,57.404349885426164,143.74669178636287,0.7590407498280703
20,01_active_graph_h__graph_s__l1__pair,"graph_h,graph_s,l1,pair",44,0.23544859547036223,0.20792422842463312,0.26297296251609137,60.60869827457541,149.4315593430295,0.7641442865572261
20,01_active_graph_h__graph_s__l1__pair,"graph_h,graph_s,l1,pair",45,0.2463750306773395,0.22878249410495913,0.2639675672497199,57.62323267680259,144.8074762210785,0.7824994242546829
20,01_active_graph_h__graph_s__l1__pair,"graph_h,graph_s,l1,pair",46,0.23958361749750934,0.21320103920034492,0.2659661957946738,57.47533108044121,148.58273949880277,0.740619246354027
20,02_active_graph_h__graph_s__l1,"graph_h,graph_s,l1",42,0.24640082514702877,0.2246502899013438,0.2681513603927137,58.14631735681381,146.83601334070423,0.7378304036927426
20,02_active_graph_h__graph_s__l1,"graph_h,graph_s,l1",43,0.25018576089447975,0.23325609557335814,0.2671154262156013,57.48657132346607,143.34453204997513,0.7394996128856198
20,02_active_graph_h__graph_s__l1,"graph_h,graph_s,l1",44,0.25053949131802694,0.22920363659584342,0.27187534604021046,60.60194985832382,147.8950643825033,0.7552086267065147
20,02_active_graph_h__graph_s__l1,"graph_h,graph_s,l1",45,0.24229482840121114,0.22691013101528862,0.25767952578713366,57.74989546840243,145.24481973211041,0.7505152265730323
20,02_active_graph_h__graph_s__l1,"graph_h,graph_s,l1",46,0.2534693584992436,0.23223974776197578,0.2746989692365115,57.42574058693519,148.9097233610421,0.7458608996803975
20,03_active_graph_h__graph_s,"graph_h,graph_s",42,0.2494823145331252,0.23365174915720655,0.26531287990904384,57.95648283459111,146.6523477285277,0.7574126136942961
20,03_active_graph_h__graph_s,"graph_h,graph_s",43,0.2567418358575363,0.2356042608907529,0.2778794108243197,57.44161849645771,143.7493886008034,0.7070511273049553
20,03_active_graph_h__graph_s,"graph_h,graph_s",44,0.24671955554192065,0.2289541598092741,0.26448495127456717,60.36411475429246,148.13338578985181,0.774581153428777
20,03_active_graph_h__graph_s,"graph_h,graph_s",45,0.25611965718465024,0.23647928745858465,0.2757600269107158,57.84172978542904,145.9360751680886,0.7587628603409488
20,03_active_graph_h__graph_s,"graph_h,graph_s",46,0.2541638084156289,0.23138658748240248,0.27694102934885534,57.50021686010009,148.7386990622252,0.7228225679297158
20,04_active_graph_h,graph_h,42,0.24499359911079222,0.21686369658169838,0.2731235016398861,58.270561753010945,148.683983582247,0.6565464739917228
20,04_active_graph_h,graph_h,43,0.20917058613622347,0.1737910822682839,0.24455009000416303,58.614575677789155,151.7661582512757,0.6596770417556607
20,04_active_graph_h,graph_h,44,0.20090345774377155,0.16651978054013555,0.23528713494740758,62.189402535986495,156.31174850771458,0.6683592566982719
20,04_active_graph_h,graph_h,45,0.23854475960605354,0.20588765328664807,0.271201865925459,57.944171598062,147.7236719895645,0.7154177098469907
20,04_active_graph_h,graph_h,46,0.24157857736272345,0.20088777813511371,0.2822693765903332,58.81088919719618,151.97333974619593,0.7542305043843175
20,05_recon_only_ph_ps_nonneg,recon_only,42,0.2570396982472649,0.2404218402132778,0.273657556281252,62.14321085795892,150.88532631657088,0.6925626445367377
20,05_recon_only_ph_ps_nonneg,recon_only,43,0.25907540899287546,0.24009687141000355,0.2780539465757474,61.54006715031419,147.323451199171,0.683041750231306
20,05_recon_only_ph_ps_nonneg,recon_only,44,0.25088731879377624,0.23550132713935829,0.26627331044819413,64.2911969168717,151.07332111008668,0.7073412481540775
20,05_recon_only_ph_ps_nonneg,recon_only,45,0.2611897924911284,0.24641889594984862,0.2759606890324082,61.49228960289375,149.07086841370278,0.6840666256471096
20,05_recon_only_ph_ps_nonneg,recon_only,46,0.2569135716578936,0.2377418902883406,0.2760852530274465,60.938814177983396,152.45103480329553,0.6904359738426697
25,00_active_graph_h__graph_s__l1__pair__know_hs,"graph_h,graph_s,l1,pair,know_hs",42,0.251482307674596,0.23716487141967854,0.26579974392951344,55.95429746139342,145.3119680521498,0.6859828890173988
25,00_active_graph_h__graph_s__l1__pair__know_hs,"graph_h,graph_s,l1,pair,know_hs",43,0.24828436539553278,0.22343082880736154,0.273137901983704,55.69252836577429,143.71767321263636,0.6730457347283735
25,00_active_graph_h__graph_s__l1__pair__know_hs,"graph_h,graph_s,l1,pair,know_hs",44,0.2326540821361101,0.21844813779781372,0.24686002647440652,58.953825094062196,148.2278457752076,0.6648696502276803
25,00_active_graph_h__graph_s__l1__pair__know_hs,"graph_h,graph_s,l1,pair,know_hs",45,0.25292456651453527,0.24120872517798306,0.26464040785108744,55.749927870533874,143.6236096058445,0.6819072804288934
25,00_active_graph_h__graph_s__l1__pair__know_hs,"graph_h,graph_s,l1,pair,know_hs",46,0.25268951306479215,0.23495403176672236,0.270424994362862,54.955834858704236,146.7009380491818,0.6552122493376831
25,01_active_graph_h__graph_s__l1__pair,"graph_h,graph_s,l1,pair",42,0.25753256879827113,0.23706950128046544,0.27799563631607677,56.07914660120876,145.64635535426984,0.6710959878159554
25,01_active_graph_h__graph_s__l1__pair,"graph_h,graph_s,l1,pair",43,0.2526394082872954,0.23694070846070678,0.26833810811388403,55.85008500294302,142.28225456078573,0.6717095373593258
25,01_active_graph_h__graph_s__l1__pair,"graph_h,graph_s,l1,pair",44,0.24647242988083723,0.2305823212401201,0.2623625385215544,58.987353645520834,145.96890602627235,0.673813200388892
25,01_active_graph_h__graph_s__l1__pair,"graph_h,graph_s,l1,pair",45,0.25525557599709664,0.23994802849348176,0.2705631235007115,55.816361337100616,144.34232813873786,0.6837316195951817
25,01_active_graph_h__graph_s__l1__pair,"graph_h,graph_s,l1,pair",46,0.25602030108827073,0.23521194377598356,0.2768286584005579,55.11259654743184,147.07987187967942,0.6437069249851233
25,02_active_graph_h__graph_s__l1,"graph_h,graph_s,l1",42,0.2495357696907356,0.23572932273807817,0.263342216643393,56.07516067157986,145.2082620213948,0.6554336481081051
25,02_active_graph_h__graph_s__l1,"graph_h,graph_s,l1",43,0.2471714971883065,0.23609742753987709,0.2582455668367359,55.845295030304335,142.0252933555542,0.6674209147917
25,02_active_graph_h__graph_s__l1,"graph_h,graph_s,l1",44,0.2291080783784306,0.2144119220178304,0.24380423473903085,59.16817596230073,147.06461320067132,0.6677414496997234
25,02_active_graph_h__graph_s__l1,"graph_h,graph_s,l1",45,0.259829473211637,0.23934931308831378,0.2803096333349603,55.826533823576845,144.8684395491215,0.6626099247863897
25,02_active_graph_h__graph_s__l1,"graph_h,graph_s,l1",46,0.2381528353716897,0.21666702435385296,0.25963864638952644,55.144220943658816,146.56504028008408,0.6404605714880014
25,03_active_graph_h__graph_s,"graph_h,graph_s",42,0.2579241593112064,0.23720879838932224,0.2786395202330905,56.24063125787273,145.06725760299418,0.6811543066275441
25,03_active_graph_h__graph_s,"graph_h,graph_s",43,0.2528031323130041,0.23678760672562468,0.2688186579003835,55.66542939629233,142.1048758336038,0.6937148834800149
25,03_active_graph_h__graph_s,"graph_h,graph_s",44,0.24644912345902492,0.22936709747375159,0.2635311494442983,58.971156912752164,145.7653140296393,0.7031139657214203
25,03_active_graph_h__graph_s,"graph_h,graph_s",45,0.24311169035652325,0.23852633464407158,0.24769704606897494,55.81988475480286,142.47636683402627,0.6652171704778448
25,03_active_graph_h__graph_s,"graph_h,graph_s",46,0.25845531425991175,0.23645035483909155,0.2804602736807319,54.77943711308701,146.47770120046926,0.6677037501958591
25,04_active_graph_h,graph_h,42,0.20609593397722986,0.16951159774873542,0.24268027020572433,57.61675680962202,154.43771174580695,0.6404241487683205
25,04_active_graph_h,graph_h,43,0.21533068660619126,0.19851437942849223,0.2321469937838903,56.883838891395634,148.32944137746372,0.640120776742757
25,04_active_graph_h,graph_h,44,0.23840280101386074,0.20504449613302714,0.2717611058946943,60.022699470974544,149.22647129789266,0.6399325324509159
25,04_active_graph_h,graph_h,45,0.24936543172599468,0.2299294326863499,0.26880143076563945,56.20087960883239,144.35666876756346,0.6687857953413249
25,04_active_graph_h,graph_h,46,0.24563869180751208,0.2059571329897083,0.28532025062531585,56.23213196078972,150.11801984618072,0.6700955127683634
25,05_recon_only_ph_ps_nonneg,recon_only,42,0.2578754559525989,0.24122538394118118,0.27452552796401664,60.52727926380625,149.71219085829435,0.6356565063657287
25,05_recon_only_ph_ps_nonneg,recon_only,43,0.2593163095659865,0.24134321489888064,0.27728940423309234,60.201527305871366,146.5282162096138,0.630858133430872
25,05_recon_only_ph_ps_nonneg,recon_only,44,0.2519135131903245,0.2369377931451086,0.26688923323554037,62.93233685060352,150.20925392886207,0.6558022549765492
25,05_recon_only_ph_ps_nonneg,recon_only,45,0.2615804159733091,0.2477925645667161,0.2753682673799021,59.82962459806082,147.89981397672761,0.6219202952818823
25,05_recon_only_ph_ps_nonneg,recon_only,46,0.2588754294297695,0.23834295831374228,0.27940790054579673,59.22626656107111,151.45938431481898,0.6348771628930543
30,00_active_graph_h__graph_s__l1__pair__know_hs,"graph_h,graph_s,l1,pair,know_hs",42,0.25229798577664886,0.23052114886674874,0.27407482268654904,54.32297657690329,142.96559780330202,0.6705513296446394
30,00_active_graph_h__graph_s__l1__pair__know_hs,"graph_h,graph_s,l1,pair,know_hs",43,0.25458666960009163,0.2402114437100352,0.2689618954901481,54.45104716197521,140.46458429916007,0.6757525073634942
30,00_active_graph_h__graph_s__l1__pair__know_hs,"graph_h,graph_s,l1,pair,know_hs",44,0.25014862017513345,0.2352061033592074,0.2650911369910595,57.45507593021013,143.7060356156237,0.6597295275867221
30,00_active_graph_h__graph_s__l1__pair__know_hs,"graph_h,graph_s,l1,pair,know_hs",45,0.25255293869944556,0.2411670593814985,0.26393881801739266,54.87826527547556,142.59694439094173,0.7021558090736606
30,00_active_graph_h__graph_s__l1__pair__know_hs,"graph_h,graph_s,l1,pair,know_hs",46,0.2468922236230294,0.23049944081773466,0.26328500642832414,53.56205010706765,145.61398774186324,0.6702780338036547
30,01_active_graph_h__graph_s__l1__pair,"graph_h,graph_s,l1,pair",42,0.2519243689309205,0.22915503853651065,0.27469369932533033,54.46071952214179,143.50081396165066,0.6705925535581876
30,01_active_graph_h__graph_s__l1__pair,"graph_h,graph_s,l1,pair",43,0.24918117776329962,0.23981833365130154,0.2585440218752977,54.61455852661972,140.3007692756454,0.6726792569550212
30,01_active_graph_h__graph_s__l1__pair,"graph_h,graph_s,l1,pair",44,0.2415267375201986,0.2261296681339878,0.2569238069064094,57.60207801591902,143.81159453923397,0.6679292394701523
30,01_active_graph_h__graph_s__l1__pair,"graph_h,graph_s,l1,pair",45,0.2547980069370827,0.24292723165541732,0.2666687822187481,54.86929453689672,142.77939049079762,0.6907175391049873
30,01_active_graph_h__graph_s__l1__pair,"graph_h,graph_s,l1,pair",46,0.26259121049113515,0.24034783150126227,0.28483458948100804,53.62123478742098,144.5823718725199,0.6722842934861235
30,02_active_graph_h__graph_s__l1,"graph_h,graph_s,l1",42,0.24351515074002203,0.22195014939778984,0.2650801520822542,54.40869380326343,144.76954376341524,0.6664043791680977
30,02_active_graph_h__graph_s__l1,"graph_h,graph_s,l1",43,0.25066426278048054,0.23867194680656853,0.2626565787543925,54.47853595426994,139.85410847194845,0.6882876329093665
30,02_active_graph_h__graph_s__l1,"graph_h,graph_s,l1",44,0.24913169139738872,0.2331622743482371,0.26510110844654033,57.65731041214919,144.40411500677507,0.6757544808843724
30,02_active_graph_h__graph_s__l1,"graph_h,graph_s,l1",45,0.24963436962073443,0.24351246778946445,0.2557562714520044,54.94335916423219,142.0789803118591,0.6748869521916654
30,02_active_graph_h__graph_s__l1,"graph_h,graph_s,l1",46,0.2593377336646281,0.2401344584639914,0.2785410088652647,53.5897768553759,145.35143779477713,0.6572163632708535
30,03_active_graph_h__graph_s,"graph_h,graph_s",42,0.25755696419396434,0.23838963475107514,0.2767242936368535,54.743804374506254,142.34998722218057,0.6527361017067592
30,03_active_graph_h__graph_s,"graph_h,graph_s",43,0.2586545751194421,0.23920804344426966,0.27810110679461464,54.82500484600834,140.2149055823469,0.683644441176542
30,03_active_graph_h__graph_s,"graph_h,graph_s",44,0.25240531183233306,0.23505296584396784,0.2697576578206982,57.411238121007756,142.4288016367892,0.6665241716731513
30,03_active_graph_h__graph_s,"graph_h,graph_s",45,0.253202589787404,0.242445994671483,0.26395918490332504,54.833947230547246,141.9284574909261,0.6644275407308772
30,03_active_graph_h__graph_s,"graph_h,graph_s",46,0.26010336252114974,0.2397971507696945,0.28040957427260504,53.4624066006725,143.17469311732867,0.6444114365864821
30,04_active_graph_h,graph_h,42,0.2565222050516557,0.23374737148790461,0.2792970386154068,55.36031749820192,145.3780516090191,0.62112004280617
30,04_active_graph_h,graph_h,43,0.23594393376225467,0.20599813322177546,0.2658897343027339,55.59756856987007,145.3875917944394,0.5575203738339611
30,04_active_graph_h,graph_h,44,0.2010683122480113,0.17093377175294777,0.23120285274307484,59.454346303817594,153.12009540909548,0.6616715589300616
30,04_active_graph_h,graph_h,45,0.24758843636333544,0.22400516063471182,0.27117171209195906,55.88624911156474,144.8134112469654,0.6740401757511377
30,04_active_graph_h,graph_h,46,0.21332106098392511,0.18740628960437308,0.23923583236347717,54.79005220812247,153.97132464706337,0.6047187408627235
30,05_recon_only_ph_ps_nonneg,recon_only,42,0.25686186881433315,0.24244042303921393,0.2712833145894524,59.75756448065166,148.38400771611205,0.6236104949551806
30,05_recon_only_ph_ps_nonneg,recon_only,43,0.2570617603871028,0.2428151722541428,0.27130834852006286,59.324860157861416,145.709732374057,0.6263180323908543
30,05_recon_only_ph_ps_nonneg,recon_only,44,0.2523693981365635,0.23824468729786555,0.26649410897526143,62.19007091577709,148.61672339296882,0.6309924588790933
30,05_recon_only_ph_ps_nonneg,recon_only,45,0.25852901900338715,0.24888072885789697,0.26817730914887733,59.5000511972325,147.15120596813682,0.6278295928350576
30,05_recon_only_ph_ps_nonneg,recon_only,46,0.2573707088366585,0.2409794712582038,0.27376194641511326,58.102191841282874,150.17150700279765,0.626416839320376
35,00_active_graph_h__graph_s__l1__pair__know_hs,"graph_h,graph_s,l1,pair,know_hs",42,0.25354144634348064,0.2423287538335807,0.26475413885338056,52.91270481905246,139.12441589754658,0.6987603382171018
35,00_active_graph_h__graph_s__l1__pair__know_hs,"graph_h,graph_s,l1,pair,know_hs",43,0.2624085800950079,0.24688549026197426,0.2779316699280415,52.62067060463348,135.98048676386412,0.7697014456492464
35,00_active_graph_h__graph_s__l1__pair__know_hs,"graph_h,graph_s,l1,pair,know_hs",44,0.2321902137594452,0.22178242896818792,0.2425979985507025,55.21118380740943,142.66103246952085,0.7180926581112895
35,00_active_graph_h__graph_s__l1__pair__know_hs,"graph_h,graph_s,l1,pair,know_hs",45,0.2557706537356734,0.23949860808269438,0.2720426993886525,52.606508709275005,138.69280508799017,0.7368760821293682
35,00_active_graph_h__graph_s__l1__pair__know_hs,"graph_h,graph_s,l1,pair,know_hs",46,0.2583465168044904,0.24489162545892187,0.2718014081500589,52.1632889993855,139.6423693333495,0.7296920120642537
35,01_active_graph_h__graph_s__l1__pair,"graph_h,graph_s,l1,pair",42,0.24968824788835003,0.2350208130578482,0.26435568271885185,53.033071574532535,139.58349932906117,0.6917007520289689
35,01_active_graph_h__graph_s__l1__pair,"graph_h,graph_s,l1,pair",43,0.25492765355125474,0.24612076139472716,0.2637345457077823,52.62821574454085,135.08560074843973,0.7563666737632104
35,01_active_graph_h__graph_s__l1__pair,"graph_h,graph_s,l1,pair",44,0.25192862201937405,0.2395351766850227,0.26432206735372543,55.25760537998798,140.05400270371283,0.7155910598948451
35,01_active_graph_h__graph_s__l1__pair,"graph_h,graph_s,l1,pair",45,0.25357353829339646,0.24740599164984975,0.25974108493694315,52.77430442088078,137.83367861613766,0.7250526558683534
35,01_active_graph_h__graph_s__l1__pair,"graph_h,graph_s,l1,pair",46,0.2568533376887611,0.2448099093964455,0.26889676598107676,52.188288584997274,139.68886294643406,0.7165578981890787
35,02_active_graph_h__graph_s__l1,"graph_h,graph_s,l1",42,0.24876345845241976,0.24211129307185011,0.2554156238329894,52.82787611810057,139.74550818803,0.6848102824010264
35,02_active_graph_h__graph_s__l1,"graph_h,graph_s,l1",43,0.25699851101431737,0.2374293797924884,0.2765676422361463,52.67999374836692,135.91209040754504,0.766773860894176
35,02_active_graph_h__graph_s__l1,"graph_h,graph_s,l1",44,0.2420847546347519,0.22801144714939364,0.25615806212011016,55.22713719178247,140.7552238482144,0.7247815719723167
35,02_active_graph_h__graph_s__l1,"graph_h,graph_s,l1",45,0.2545886040039466,0.24647594107129414,0.2627012669365991,52.715128580413584,138.18206875628215,0.7115804677967335
35,02_active_graph_h__graph_s__l1,"graph_h,graph_s,l1",46,0.24572084152022466,0.23562816207618817,0.25581352096426113,52.32225654290238,141.76192775188906,0.6993743107691843
35,03_active_graph_h__graph_s,"graph_h,graph_s",42,0.25313916398110636,0.23557103789317815,0.2707072900690346,52.51733122111766,139.5849387149132,0.6683644910081035
35,03_active_graph_h__graph_s,"graph_h,graph_s",43,0.264625315800996,0.2475098552977177,0.28174077630427435,52.83932141809991,134.87898607522015,0.7508207177510414
35,03_active_graph_h__graph_s,"graph_h,graph_s",44,0.2499741902557045,0.23888036903706913,0.2610680114743399,55.14534575692154,139.606833871585,0.6747818425762494
35,03_active_graph_h__graph_s,"graph_h,graph_s",45,0.2533385900041865,0.24605732606309905,0.260619853945274,53.12653583644139,138.2646494237913,0.726020894912403
35,03_active_graph_h__graph_s,"graph_h,graph_s",46,0.2599979415351774,0.24359733779512138,0.2763985452752335,52.38453231100235,139.99863601504404,0.6846935008266624
35,04_active_graph_h,graph_h,42,0.23501889812867105,0.19273587548256302,0.27730192077477905,54.64684886160988,144.06207850826814,0.6746859454416284
35,04_active_graph_h,graph_h,43,0.20966022415673793,0.18211832866975589,0.23720211964371998,54.63868319924646,145.83662951058423,0.7052667270443905
35,04_active_graph_h,graph_h,44,0.20634268998795502,0.1836796804848325,0.22900569949107757,56.8306706806183,150.1098176460356,0.7225580471302415
35,04_active_graph_h,graph_h,45,0.23570197391411513,0.20953595666464928,0.261867991163581,54.3404564497244,142.0202690649842,0.7092855638346828
35,04_active_graph_h,graph_h,46,0.25019826817215307,0.21822805587473704,0.28216848046956916,53.43497432855638,144.6741827096694,0.7545166329110229
35,05_recon_only_ph_ps_nonneg,recon_only,42,0.261889043211564,0.24547117543671967,0.2783069109864083,58.14422023606564,145.33834798391595,0.6528482859923115
35,05_recon_only_ph_ps_nonneg,recon_only,43,0.2610959199304105,0.24746627607553878,0.2747255637852821,58.700640804727165,142.06046166357584,0.6853683632225606
35,05_recon_only_ph_ps_nonneg,recon_only,44,0.2544684599332905,0.2413946420275374,0.26754227783904355,60.49457578663896,146.3279430591772,0.6812924348940127
35,05_recon_only_ph_ps_nonneg,recon_only,45,0.2600542580895384,0.2511990850912403,0.2689094310878365,58.188176054632834,145.0123576447798,0.6683960105438445
35,05_recon_only_ph_ps_nonneg,recon_only,46,0.26210742730582265,0.24394805091984065,0.2802668036918047,57.52615903252266,147.07403710886908,0.6618429484650403
40,00_active_graph_h__graph_s__l1__pair__know_hs,"graph_h,graph_s,l1,pair,know_hs",42,0.2529223357905042,0.24315389329217732,0.26269077828883114,52.03035035095093,138.5854128403301,0.7022582670929165
40,00_active_graph_h__graph_s__l1__pair__know_hs,"graph_h,graph_s,l1,pair,know_hs",43,0.2591052566882499,0.2500581979828786,0.26815231539362117,51.56887756694107,134.15327969059237,0.7456961131027748
40,00_active_graph_h__graph_s__l1__pair__know_hs,"graph_h,graph_s,l1,pair,know_hs",44,0.23762352277338036,0.2324054532273058,0.24284159231945493,54.856094946670076,140.2440639391102,0.6919443948539316
40,00_active_graph_h__graph_s__l1__pair__know_hs,"graph_h,graph_s,l1,pair,know_hs",45,0.2573682154491529,0.2505022466366556,0.26423418426165013,52.30415550324107,136.4887514052305,0.7211269243929562
40,00_active_graph_h__graph_s__l1__pair__know_hs,"graph_h,graph_s,l1,pair,know_hs",46,0.262384814997723,0.24901874782269695,0.275750882172749,52.09264424130893,139.98914734364914,0.6673335130934122
40,01_active_graph_h__graph_s__l1__pair,"graph_h,graph_s,l1,pair",42,0.25489249280383675,0.24552586168987978,0.26425912391779377,52.06680559561562,137.6291379854256,0.708783564412027
40,01_active_graph_h__graph_s__l1__pair,"graph_h,graph_s,l1,pair",43,0.2645272540960752,0.24943931541848338,0.27961519277366703,51.60653141643664,134.8740238932448,0.7416138958041043
40,01_active_graph_h__graph_s__l1__pair,"graph_h,graph_s,l1,pair",44,0.25526905613157047,0.2447290938077779,0.2658090184553631,54.959699033845915,137.98896277031506,0.6842867298010225
40,01_active_graph_h__graph_s__l1__pair,"graph_h,graph_s,l1,pair",45,0.2543178547743148,0.25008366786398883,0.2585520416846408,52.25707508052754,136.25221951796718,0.709454177878633
40,01_active_graph_h__graph_s__l1__pair,"graph_h,graph_s,l1,pair",46,0.24427111056718684,0.23657875765386077,0.2519634634805129,52.286825063845555,139.63286200765558,0.6571009708450128
40,02_active_graph_h__graph_s__l1,"graph_h,graph_s,l1",42,0.25096157477480713,0.24250726395523847,0.2594158855943758,52.04046498336289,137.76042142464684,0.7024110819613701
40,02_active_graph_h__graph_s__l1,"graph_h,graph_s,l1",43,0.2542542534005981,0.24778362608416266,0.26072488071703354,51.506246396687814,134.50122953120444,0.7542999364351254
40,02_active_graph_h__graph_s__l1,"graph_h,graph_s,l1",44,0.25462252000678265,0.24392371386599943,0.26532132614756593,54.86720037576169,138.39936622805806,0.6894951460311418
40,02_active_graph_h__graph_s__l1,"graph_h,graph_s,l1",45,0.2555587016381859,0.24859201225400648,0.26252539102236533,52.188380791860155,136.92474632540453,0.6869478505454242
40,02_active_graph_h__graph_s__l1,"graph_h,graph_s,l1",46,0.2548511844721239,0.24619893776098178,0.263503431183266,52.26471953666695,139.55774438284857,0.6548802854887509
40,03_active_graph_h__graph_s,"graph_h,graph_s",42,0.2576230745370823,0.24801997137958393,0.2672261776945806,52.15578364137007,135.73833481891933,0.6702481403897812
40,03_active_graph_h__graph_s,"graph_h,graph_s",43,0.2625124898896629,0.24994359094990676,0.275081388829419,51.885853556834405,133.9358495756511,0.7256651763943556
40,03_active_graph_h__graph_s,"graph_h,graph_s",44,0.2563623034914093,0.2434857400546421,0.2692388669281765,54.66253241213951,137.3863844679658,0.651522884055358
40,03_active_graph_h__graph_s,"graph_h,graph_s",45,0.2614791554263397,0.2507808462005319,0.2721774646521474,52.40226006892618,134.96279100669634,0.6894045799904867
40,03_active_graph_h__graph_s,"graph_h,graph_s",46,0.26052189682157995,0.2495987247170682,0.27144506892609166,52.14796651773369,138.57022778431073,0.6750490436071493
40,04_active_graph_h,graph_h,42,0.24102294493362358,0.2014804106296211,0.2805654792376261,54.42082651282814,143.91323583802188,0.6748946703503916
40,04_active_graph_h,graph_h,43,0.24746734623215688,0.22592506239128948,0.26900963007302425,53.36058195725655,138.23785479827134,0.7225556197183108
40,04_active_graph_h,graph_h,44,0.2015959651057757,0.1761704302526655,0.2270214999588859,57.0540562052429,148.7151900919361,0.6611019214141038
40,04_active_graph_h,graph_h,45,0.22752371021677306,0.22452716922069962,0.2305202512128465,53.15049804423499,141.77290993039597,0.6396784783874059
40,04_active_graph_h,graph_h,46,0.2090884534209405,0.17934707868086947,0.23882982816101153,53.914098595330344,149.81007856775477,0.5977943644134903
40,05_recon_only_ph_ps_nonneg,recon_only,42,0.2641617188718346,0.24923948446868843,0.2790839532749808,58.48864820672532,145.01128739156326,0.6766969628787565
40,05_recon_only_ph_ps_nonneg,recon_only,43,0.2628203311646399,0.24958515166343306,0.2760555106658467,58.31274164071705,141.49362130158528,0.7001605213687977
40,05_recon_only_ph_ps_nonneg,recon_only,44,0.25442529669336034,0.24459817201356462,0.264252421373156,60.93704833175538,144.9986070357028,0.6788410066828353
40,05_recon_only_ph_ps_nonneg,recon_only,45,0.2590368497890325,0.2538538402610155,0.26421985931704955,58.558242874859836,143.6716346813821,0.6822998739788633
40,05_recon_only_ph_ps_nonneg,recon_only,46,0.2609088957023573,0.24642873000371568,0.275389061400999,58.132495426054646,146.89818740409558,0.6686297926716117
