3,25
3,38
3,97
3,105
3,185
3,191
3,198
3,223
3,225
3,281
3,290
3,301
3,388
3,402
3,410
3,415
3,443
3,448
3,506
3,508
3,513
3,554
3,610
3,703
3,704
3,707
3,714
3,730
3,739
3,766
9,105
9,145
9,185
9,198
9,223
9,245
9,281
9,388
9,443
9,448
9,572
9,704
9,714
9,730
16,31
16,38
16,185
16,198
16,252
16,352
16,371
16,388
16,402
16,407
16,484
16,554
16,656
16,667
16,730
16,767
16,778
17,38
17,191
17,486
17,699
17,703
18,388
20,185
20,198
20,223
20,245
20,270
20,301
20,388
20,402
20,407
20,410
20,443
20,699
20,704
20,714
20,730
25,33
25,38
25,57
25,69
25,145
25,154
25,181
25,185
25,198
25,223
25,225
25,301
25,305
25,352
25,355
25,388
25,410
25,501
25,506
25,637
25,662
25,699
25,707
25,766
30,198
30,352
30,364
30,699
31,38
31,97
31,105
31,126
31,148
31,176
31,178
31,185
31,191
31,198
31,223
31,231
31,232
31,245
31,247
31,249
31,252
31,268
31,270
31,291
31,301
31,308
31,348
31,352
31,371
31,388
31,402
31,407
31,428
31,433
31,475
31,486
31,506
31,507
31,554
31,582
31,638
31,645
31,667
31,674
31,699
31,701
31,703
31,704
31,761
31,767
31,770
31,772
31,777
31,778
33,185
33,198
33,223
33,305
33,766
38,54
38,57
38,84
38,97
38,105
38,110
38,126
38,136
38,145
38,148
38,149
38,150
38,154
38,176
38,178
38,185
38,187
38,191
38,198
38,210
38,216
38,222
38,223
38,225
38,231
38,232
38,243
38,245
38,246
38,247
38,249
38,252
38,258
38,261
38,265
38,268
38,270
38,281
38,288
38,291
38,301
38,305
38,308
38,330
38,342
38,348
38,352
38,355
38,357
38,359
38,361
38,364
38,371
38,380
38,388
38,392
38,393
38,402
38,407
38,410
38,414
38,415
38,416
38,424
38,428
38,433
38,438
38,440
38,443
38,448
38,451
38,461
38,467
38,470
38,475
38,486
38,489
38,501
38,502
38,506
38,507
38,508
38,522
38,538
38,554
38,559
38,563
38,574
38,582
38,585
38,603
38,610
38,638
38,646
38,655
38,660
38,667
38,674
38,689
38,699
38,701
38,703
38,704
38,707
38,714
38,730
38,739
38,744
38,761
38,766
38,767
38,768
38,770
38,772
38,777
38,778
38,781
38,789
38,790
47,185
47,198
54,57
54,69
54,97
54,150
54,154
54,185
54,198
54,225
54,270
54,355
54,380
54,388
54,410
54,416
54,501
54,554
54,600
54,632
54,689
54,699
54,704
54,707
54,766
54,777
54,781
56,178
56,185
56,198
56,247
56,348
56,388
56,402
56,407
56,443
56,554
56,704
56,767
56,778
57,97
57,150
57,154
57,185
57,198
57,225
57,355
57,388
57,410
57,416
57,501
57,689
57,699
57,707
57,766
57,770
69,145
69,150
69,154
69,225
69,270
69,305
69,355
69,378
69,380
69,388
69,410
69,446
69,600
69,689
69,699
69,707
69,766
69,777
69,781
84,97
84,105
84,145
84,185
84,198
84,210
84,222
84,223
84,231
84,245
84,246
84,252
84,270
84,281
84,364
84,371
84,388
84,402
84,410
84,428
84,438
84,470
84,475
84,486
84,501
84,522
84,554
84,559
84,585
84,600
84,668
84,699
84,704
84,767
84,770
84,777
97,105
97,110
97,136
97,145
97,149
97,154
97,172
97,181
97,185
97,191
97,198
97,210
97,222
97,223
97,225
97,231
97,245
97,246
97,252
97,258
97,268
97,270
97,281
97,288
97,291
97,301
97,308
97,364
97,388
97,393
97,402
97,406
97,407
97,410
97,416
97,428
97,438
97,443
97,448
97,470
97,475
97,486
97,501
97,506
97,522
97,538
97,554
97,585
97,600
97,610
97,667
97,699
97,701
97,703
97,704
97,714
97,730
97,766
97,767
97,768
97,770
97,777
97,781
105,110
105,145
105,172
105,185
105,191
105,198
105,223
105,231
105,245
105,246
105,252
105,270
105,281
105,301
105,308
105,368
105,388
105,393
105,402
105,407
105,410
105,415
105,443
105,448
105,470
105,486
105,501
105,506
105,508
105,522
105,538
105,554
105,561
105,563
105,573
105,610
105,646
105,699
105,703
105,704
105,714
105,729
105,730
105,739
105,767
105,768
105,770
105,777
105,781
110,145
110,185
110,191
110,198
110,223
110,270
110,281
110,388
110,402
110,486
110,506
110,508
110,522
110,554
110,699
110,703
110,704
110,781
122,198
122,388
122,777
122,781
126,148
126,185
126,198
126,245
126,252
126,268
126,270
126,371
126,388
126,402
126,428
126,438
126,451
126,554
126,699
126,744
126,767
126,777
126,781
135,388
136,223
136,245
136,270
136,281
136,388
136,402
136,704
145,172
145,185
145,191
145,198
145,222
145,223
145,225
145,231
145,245
145,246
145,252
145,256
145,261
145,270
145,281
145,301
145,330
145,355
145,357
145,360
145,361
145,371
145,388
145,402
145,410
145,428
145,438
145,486
145,501
145,506
145,522
145,554
145,556
145,559
145,572
145,600
145,656
145,668
145,686
145,699
145,704
145,707
145,714
145,730
145,744
145,766
145,767
145,770
145,772
145,777
145,781
148,178
148,198
148,231
148,245
148,270
148,348
148,352
148,371
148,388
148,392
148,402
148,428
148,475
148,554
148,667
148,699
148,767
148,777
149,154
149,225
149,355
149,388
149,416
149,699
149,766
149,770
150,154
150,225
150,355
150,380
150,388
150,689
150,699
150,707
150,766
151,198
151,270
151,371
151,388
151,554
151,600
151,668
151,686
151,699
151,704
151,767
151,777
154,181
154,185
154,198
154,223
154,225
154,245
154,270
154,352
154,355
154,364
154,380
154,388
154,402
154,410
154,416
154,486
154,501
154,538
154,554
154,559
154,600
154,689
154,699
154,703
154,704
154,707
154,766
154,770
154,777
154,781
160,198
160,501
160,699
163,388
163,438
165,371
165,388
167,198
172,185
172,198
172,223
172,245
172,246
172,270
172,281
172,308
172,388
172,402
172,407
172,443
172,448
172,538
172,554
172,573
172,704
172,714
172,730
172,768
172,777
176,178
176,198
176,232
176,247
176,308
176,348
176,352
176,357
176,388
176,402
176,407
176,433
176,486
176,506
176,507
176,554
176,582
176,667
176,699
176,703
176,767
178,185
178,198
178,223
178,232
178,247
178,308
178,348
178,352
178,357
178,388
178,402
178,407
178,443
178,506
178,529
178,554
178,574
178,582
178,638
178,667
178,704
178,767
181,185
181,191
181,198
181,388
181,410
181,486
181,501
181,538
181,560
181,699
181,770
185,191
185,197
185,198
185,216
185,222
185,223
185,225
185,231
185,232
185,245
185,252
185,256
185,258
185,261
185,270
185,281
185,301
185,305
185,308
185,342
185,348
185,352
185,357
185,364
185,371
185,388
185,392
185,402
185,407
185,410
185,416
185,425
185,428
185,438
185,443
185,448
185,451
185,470
185,484
185,486
185,489
185,501
185,506
185,521
185,522
185,538
185,554
185,559
185,560
185,572
185,580
185,582
185,585
185,592
185,597
185,600
185,603
185,610
185,632
185,656
185,667
185,668
185,686
185,699
185,701
185,703
185,704
185,707
185,714
185,730
185,766
185,767
185,770
185,772
185,777
185,778
185,781
186,270
186,388
188,223
188,707
191,198
191,223
191,231
191,232
191,245
191,246
191,252
191,258
191,270
191,281
191,301
191,308
191,352
191,359
191,364
191,388
191,402
191,407
191,410
191,433
191,438
191,443
191,448
191,451
191,475
191,486
191,501
191,506
191,508
191,513
191,521
191,522
191,538
191,554
191,646
191,655
191,667
191,699
191,701
191,703
191,704
191,714
191,730
191,739
191,767
191,770
191,777
191,781
191,789
195,388
195,704
197,198
197,223
197,388
197,407
197,730
198,216
198,222
198,223
198,225
198,231
198,232
198,245
198,246
198,247
198,249
198,252
198,256
198,258
198,261
198,265
198,270
198,281
198,288
198,301
198,305
198,307
198,308
198,330
198,342
198,348
198,352
198,355
198,357
198,359
198,364
198,371
198,380
198,388
198,392
198,393
198,402
198,407
198,410
198,413
198,414
198,425
198,428
198,433
198,438
198,440
198,443
198,448
198,451
198,475
198,484
198,486
198,489
198,501
198,506
198,507
198,508
198,521
198,522
198,538
198,554
198,559
198,560
198,572
198,580
198,582
198,585
198,592
198,597
198,600
198,601
198,603
198,610
198,638
198,646
198,655
198,656
198,660
198,667
198,668
198,673
198,674
198,686
198,699
198,701
198,703
198,704
198,707
198,714
198,730
198,744
198,761
198,766
198,767
198,770
198,772
198,777
198,778
198,781
198,789
210,245
210,270
210,388
210,699
216,352
216,364
216,388
216,402
216,501
216,554
216,699
216,704
222,223
222,245
222,252
222,256
222,270
222,281
222,308
222,330
222,354
222,368
222,371
222,388
222,402
222,407
222,427
222,501
222,554
222,559
222,656
222,660
222,668
222,699
222,704
222,767
222,777
222,781
223,225
223,231
223,232
223,245
223,246
223,252
223,261
223,270
223,281
223,290
223,301
223,305
223,308
223,348
223,352
223,360
223,364
223,388
223,402
223,407
223,410
223,415
223,428
223,443
223,448
223,470
223,484
223,486
223,501
223,506
223,508
223,513
223,516
223,522
223,532
223,538
223,554
223,555
223,563
223,566
223,572
223,573
223,610
223,638
223,646
223,672
223,699
223,703
223,704
223,707
223,714
223,730
223,744
223,766
223,767
223,768
223,770
223,772
223,777
223,781
225,245
225,270
225,301
225,305
225,355
225,378
225,380
225,388
225,416
225,446
225,486
225,501
225,554
225,600
225,635
225,662
225,667
225,689
225,699
225,704
225,707
225,719
225,766
225,767
225,770
225,777
225,781
231,245
231,252
231,268
231,270
231,281
231,288
231,291
231,364
231,388
231,402
231,410
231,428
231,438
231,470
231,475
231,486
231,501
231,522
231,554
231,559
231,585
231,600
231,699
231,701
231,703
231,704
231,767
231,770
231,777
231,781
232,247
232,308
232,348
232,352
232,364
232,388
232,402
232,407
232,433
232,489
232,501
232,506
232,507
232,554
232,582
232,638
232,667
232,699
232,701
232,703
232,704
232,730
232,761
232,767
232,772
243,270
243,388
243,767
245,252
245,256
245,261
245,268
245,270
245,281
245,288
245,301
245,308
245,352
245,360
245,364
245,371
245,388
245,402
245,407
245,410
245,428
245,438
245,443
245,448
245,451
245,470
245,484
245,486
245,501
245,506
245,522
245,538
245,554
245,559
245,572
245,585
245,600
245,610
245,656
245,668
245,699
245,703
245,704
245,714
245,730
245,744
245,767
245,768
245,770
245,772
245,777
245,781
246,252
246,270
246,281
246,388
246,402
246,443
246,448
246,538
246,554
246,573
246,704
246,714
246,730
246,767
246,768
246,777
246,781
247,348
247,352
247,402
247,407
247,507
247,554
247,582
247,638
247,667
247,767
247,778
249,388
249,402
249,486
249,554
249,667
249,674
249,699
249,767
252,256
252,258
252,261
252,268
252,270
252,281
252,308
252,342
252,352
252,357
252,364
252,371
252,388
252,392
252,393
252,402
252,407
252,410
252,428
252,438
252,448
252,451
252,475
252,484
252,486
252,501
252,502
252,506
252,522
252,538
252,554
252,556
252,559
252,585
252,600
252,656
252,660
252,668
252,686
252,699
252,703
252,704
252,714
252,730
252,744
252,767
252,770
252,772
252,777
252,781
256,270
256,388
256,407
256,554
256,600
256,668
256,699
256,704
256,767
256,772
256,777
256,781
258,388
258,393
258,402
258,407
258,501
258,522
258,554
258,699
258,704
258,770
261,281
261,352
261,388
261,484
261,656
265,388
268,270
268,291
268,388
268,428
268,475
268,554
268,704
268,767
268,770
268,777
270,281
270,288
270,291
270,354
270,361
270,364
270,371
270,388
270,392
270,402
270,407
270,410
270,420
270,428
270,438
270,443
270,451
270,470
270,475
270,486
270,501
270,506
270,522
270,538
270,550
270,554
270,559
270,585
270,600
270,610
270,656
270,667
270,668
270,686
270,699
270,701
270,703
270,704
270,714
270,730
270,744
270,767
270,770
270,772
270,777
270,781
281,301
281,308
281,360
281,388
281,402
281,407
281,443
281,448
281,501
281,506
281,508
281,538
281,554
281,572
281,573
281,672
281,699
281,703
281,704
281,714
281,730
281,744
281,767
281,768
281,777
281,781
288,388
288,402
288,554
288,767
288,777
290,301
290,388
291,388
291,428
291,475
291,767
291,770
301,305
301,352
301,388
301,402
301,407
301,410
301,443
301,506
301,508
301,554
301,699
301,703
301,704
301,714
301,730
301,766
301,777
302,388
302,767
305,352
305,388
305,410
305,501
305,506
305,637
305,662
305,699
305,707
305,766
306,388
306,704
308,330
308,348
308,352
308,357
308,368
308,388
308,402
308,407
308,433
308,443
308,501
308,506
308,538
308,554
308,556
308,660
308,667
308,699
308,703
308,704
308,714
308,767
308,772
308,777
308,781
326,388
328,582
330,368
330,388
330,402
330,427
330,438
330,554
330,660
330,777
342,402
342,554
342,704
342,767
347,766
348,352
348,357
348,388
348,392
348,402
348,407
348,428
348,489
348,501
348,506
348,507
348,554
348,582
348,667
348,699
348,701
348,704
348,730
348,761
348,767
348,772
348,777
348,778
352,364
352,388
352,402
352,407
352,410
352,433
352,451
352,484
352,486
352,489
352,501
352,506
352,507
352,554
352,582
352,638
352,667
352,699
352,703
352,704
352,761
352,767
352,770
352,772
352,777
354,371
354,388
354,559
354,600
354,656
354,668
354,686
354,699
354,767
354,777
355,361
355,378
355,380
355,388
355,416
355,501
355,554
355,689
355,699
355,707
355,719
355,766
355,767
355,770
355,777
355,781
355,790
357,388
357,392
357,402
357,407
357,554
357,767
357,777
359,388
359,402
359,554
359,777
359,789
360,704
360,714
361,371
361,388
361,668
361,699
361,766
361,767
361,777
361,781
364,388
364,402
364,410
364,438
364,451
364,486
364,501
364,506
364,522
364,538
364,554
364,559
364,585
364,603
364,699
364,703
364,704
364,766
364,770
364,777
368,388
368,402
368,538
368,554
368,704
371,388
371,392
371,402
371,407
371,410
371,428
371,438
371,501
371,554
371,559
371,585
371,600
371,656
371,668
371,686
371,699
371,704
371,767
371,772
371,777
371,781
378,380
378,766
380,388
380,554
380,699
380,707
380,766
387,410
388,392
388,393
388,401
388,402
388,407
388,410
388,414
388,415
388,416
388,417
388,420
388,424
388,425
388,428
388,433
388,438
388,440
388,443
388,448
388,451
388,461
388,470
388,471
388,475
388,484
388,486
388,489
388,495
388,501
388,502
388,506
388,507
388,508
388,510
388,521
388,522
388,538
388,550
388,554
388,555
388,556
388,559
388,561
388,563
388,572
388,573
388,580
388,582
388,585
388,592
388,597
388,600
388,601
388,603
388,610
388,632
388,646
388,655
388,656
388,660
388,667
388,668
388,673
388,674
388,676
388,686
388,689
388,698
388,699
388,701
388,703
388,704
388,707
388,714
388,717
388,719
388,729
388,730
388,739
388,744
388,766
388,767
388,768
388,770
388,772
388,777
388,778
388,781
388,787
388,789
388,790
392,402
392,407
392,428
392,501
392,522
392,554
392,668
392,699
392,704
392,767
392,772
392,777
392,781
393,402
393,522
393,554
393,585
393,699
393,704
393,767
393,770
393,777
401,402
401,554
402,407
402,410
402,415
402,425
402,428
402,433
402,438
402,443
402,448
402,451
402,470
402,475
402,484
402,486
402,489
402,501
402,506
402,508
402,521
402,522
402,529
402,538
402,554
402,556
402,559
402,563
402,573
402,574
402,582
402,585
402,600
402,601
402,603
402,610
402,638
402,646
402,655
402,660
402,667
402,674
402,698
402,699
402,701
402,703
402,704
402,714
402,730
402,739
402,744
402,767
402,768
402,770
402,772
402,777
402,778
402,781
407,410
407,425
407,428
407,443
407,448
407,484
407,489
407,501
407,506
407,521
407,538
407,554
407,559
407,582
407,600
407,667
407,673
407,699
407,701
407,704
407,714
407,730
407,767
407,772
407,777
407,778
407,781
410,413
410,416
410,438
410,443
410,451
410,470
410,484
410,486
410,501
410,506
410,522
410,538
410,554
410,559
410,560
410,580
410,585
410,600
410,603
410,610
410,656
410,668
410,686
410,699
410,703
410,704
410,707
410,714
410,730
410,766
410,770
410,772
410,777
410,781
415,443
415,704
416,501
416,699
416,707
416,766
416,770
417,699
420,475
420,767
425,730
428,438
428,451
428,475
428,522
428,554
428,585
428,668
428,699
428,704
428,744
428,767
428,770
428,772
428,777
428,781
433,486
433,507
433,554
433,582
433,699
433,703
433,767
438,486
438,501
438,522
438,538
438,554
438,559
438,585
438,600
438,668
438,699
438,704
438,767
438,770
438,777
438,781
440,554
440,667
440,704
440,767
443,448
443,506
443,538
443,554
443,572
443,610
443,704
443,714
443,730
443,768
443,777
446,766
448,538
448,554
448,704
448,714
448,730
448,768
448,781
451,486
451,501
451,554
451,699
451,703
451,744
451,767
451,770
451,777
461,704
461,767
470,554
470,600
470,699
470,704
470,770
470,777
475,486
475,554
475,744
475,767
475,770
475,777
484,501
484,506
484,554
484,572
484,656
484,668
484,699
484,704
484,730
484,777
486,501
486,506
486,522
486,538
486,554
486,559
486,560
486,597
486,600
486,603
486,667
486,699
486,703
486,704
486,707
486,766
486,767
486,770
486,777
486,781
489,554
489,582
489,699
489,701
501,506
501,522
501,538
501,554
501,559
501,560
501,580
501,585
501,597
501,600
501,603
501,610
501,632
501,656
501,668
501,676
501,689
501,698
501,699
501,703
501,704
501,730
501,766
501,767
501,770
501,772
501,777
501,781
502,699
502,777
506,538
506,554
506,699
506,703
506,704
506,714
506,730
506,770
507,554
507,582
507,638
507,667
507,703
507,761
508,646
508,703
508,704
516,532
516,766
521,701
521,730
522,554
522,585
522,699
522,701
522,703
522,704
522,767
522,770
522,777
522,781
529,554
531,767
532,719
532,766
532,781
538,554
538,559
538,560
538,610
538,699
538,704
538,714
538,730
538,768
538,770
538,772
538,777
538,781
547,699
547,781
550,704
550,770
550,777
554,559
554,574
554,582
554,585
554,600
554,601
554,610
554,638
554,660
554,667
554,674
554,699
554,701
554,703
554,704
554,714
554,730
554,761
554,766
554,767
554,768
554,770
554,772
554,777
554,778
554,781
554,789
556,777
559,600
559,632
559,656
559,668
559,686
559,699
559,704
559,770
559,777
559,781
560,699
561,704
572,704
572,714
572,730
573,704
573,714
573,730
573,768
580,600
580,668
580,699
580,777
582,620
582,638
582,645
582,667
582,703
582,761
582,767
585,656
585,668
585,699
585,704
585,767
585,770
585,777
585,781
592,701
597,699
600,656
600,668
600,686
600,689
600,699
600,704
600,767
600,770
600,777
600,781
601,699
603,699
603,770
610,699
610,704
610,714
610,730
632,668
632,699
632,777
635,707
635,766
637,707
637,766
638,703
655,781
655,789
656,668
656,686
656,699
656,704
656,730
656,767
656,777
656,781
660,699
660,767
660,777
662,707
662,766
667,674
667,699
667,703
667,704
667,761
667,767
667,777
667,781
667,789
667,790
668,686
668,699
668,704
668,767
668,772
668,777
668,781
673,730
673,777
674,699
674,767
676,699
686,699
686,767
686,772
686,777
686,781
689,699
689,766
689,777
698,699
699,703
699,704
699,707
699,730
699,766
699,767
699,770
699,772
699,777
699,781
699,790
701,704
701,730
701,767
701,777
701,781
703,761
703,766
703,770
703,777
703,789
704,714
704,730
704,767
704,768
704,770
704,772
704,777
704,778
704,781
707,766
707,777
707,781
714,730
714,768
714,777
714,781
719,766
719,781
730,768
730,777
730,781
744,767
766,770
766,781
767,770
767,772
767,777
767,781
767,790
770,777
770,781
772,777
772,781
777,781
777,787
781,789
